pref,store_type,payment_type,industry_type,month,store
三重県小計,合計,QRコード　利用可能店,合計,6,4891.153846153846
三重県小計,合計,その他電子マネー等　利用可能店,合計,6,4989.2692307692305
三重県小計,合計,クレジットカード　利用可能店,合計,6,8875.807692307691
三重県小計,合計,合計,合計,6,11761.846153846154
三重県小計,固定店舗,QRコード　利用可能店,その他サービス業,6,1368.6923076923076
三重県小計,固定店舗,QRコード　利用可能店,小売業,6,2411.8846153846152
三重県小計,固定店舗,QRコード　利用可能店,飲食業,6,949.8846153846154
三重県小計,固定店舗,その他電子マネー等　利用可能店,その他サービス業,6,1151.5
三重県小計,固定店舗,その他電子マネー等　利用可能店,小売業,6,2355.423076923077
三重県小計,固定店舗,その他電子マネー等　利用可能店,飲食業,6,804.2692307692307
三重県小計,固定店舗,クレジットカード　利用可能店,その他サービス業,6,2110.3076923076924
三重県小計,固定店舗,クレジットカード　利用可能店,小売業,6,4747.307692307692
三重県小計,固定店舗,クレジットカード　利用可能店,飲食業,6,1364.576923076923
三重県小計,固定店舗,合計,その他サービス業,6,2866.653846153846
三重県小計,固定店舗,合計,小売業,6,5620.7307692307695
三重県小計,固定店舗,合計,飲食業,6,1974.6153846153845
三重県小計,移動販売等（タクシー、屋台など）,QRコード　利用可能店,合計,6,116.96153846153847
三重県小計,移動販売等（タクシー、屋台など）,その他電子マネー等　利用可能店,合計,6,75.61538461538461
三重県小計,移動販売等（タクシー、屋台など）,クレジットカード　利用可能店,合計,6,119.3076923076923
三重県小計,移動販売等（タクシー、屋台など）,合計,合計,6,194.15384615384616
三重県小計,通信販売,QRコード　利用可能店,合計,6,43.73076923076923
三重県小計,通信販売,その他電子マネー等　利用可能店,合計,6,602.4615384615385
三重県小計,通信販売,クレジットカード　利用可能店,合計,6,534.3076923076923
三重県小計,通信販売,合計,合計,6,1105.6923076923076
京都府小計,合計,QRコード　利用可能店,合計,6,9935.884615384615
京都府小計,合計,その他電子マネー等　利用可能店,合計,6,11163.384615384615
京都府小計,合計,クレジットカード　利用可能店,合計,6,18742.576923076922
京都府小計,合計,合計,合計,6,25265.615384615383
京都府小計,固定店舗,QRコード　利用可能店,その他サービス業,6,2382.3076923076924
京都府小計,固定店舗,QRコード　利用可能店,小売業,6,4308.692307692308
京都府小計,固定店舗,QRコード　利用可能店,飲食業,6,2215.6923076923076
京都府小計,固定店舗,その他電子マネー等　利用可能店,その他サービス業,6,2373.3846153846152
京都府小計,固定店舗,その他電子マネー等　利用可能店,小売業,6,4583.2307692307695
京都府小計,固定店舗,その他電子マネー等　利用可能店,飲食業,6,2238.0384615384614
京都府小計,固定店舗,クレジットカード　利用可能店,その他サービス業,6,4471.7692307692305
京都府小計,固定店舗,クレジットカード　利用可能店,小売業,6,8127.884615384615
京都府小計,固定店舗,クレジットカード　利用可能店,飲食業,6,3817.5384615384614
京都府小計,固定店舗,合計,その他サービス業,6,5564.2307692307695
京都府小計,固定店舗,合計,小売業,6,9883.807692307691
京都府小計,固定店舗,合計,飲食業,6,5111.846153846154
京都府小計,移動販売等（タクシー、屋台など）,QRコード　利用可能店,合計,6,959.0384615384615
京都府小計,移動販売等（タクシー、屋台など）,その他電子マネー等　利用可能店,合計,6,300.7692307692308
京都府小計,移動販売等（タクシー、屋台など）,クレジットカード　利用可能店,合計,6,633.2692307692307
京都府小計,移動販売等（タクシー、屋台など）,合計,合計,6,1417.5384615384614
京都府小計,通信販売,QRコード　利用可能店,合計,6,70.15384615384616
京都府小計,通信販売,その他電子マネー等　利用可能店,合計,6,1667.9615384615386
京都府小計,通信販売,クレジットカード　利用可能店,合計,6,1692.1153846153845
京都府小計,通信販売,合計,合計,6,3288.1923076923076
佐賀県小計,合計,QRコード　利用可能店,合計,6,2459.0
佐賀県小計,合計,その他電子マネー等　利用可能店,合計,6,2340.4615384615386
佐賀県小計,合計,クレジットカード　利用可能店,合計,6,4157.076923076923
佐賀県小計,合計,合計,合計,6,5391.7307692307695
佐賀県小計,固定店舗,QRコード　利用可能店,その他サービス業,6,541.8076923076923
佐賀県小計,固定店舗,QRコード　利用可能店,小売業,6,1336.6538461538462
佐賀県小計,固定店舗,QRコード　利用可能店,飲食業,6,474.1923076923077
佐賀県小計,固定店舗,その他電子マネー等　利用可能店,その他サービス業,6,510.15384615384613
佐賀県小計,固定店舗,その他電子マネー等　利用可能店,小売業,6,1124.2692307692307
佐賀県小計,固定店舗,その他電子マネー等　利用可能店,飲食業,6,356.3076923076923
佐賀県小計,固定店舗,クレジットカード　利用可能店,その他サービス業,6,901.4615384615385
佐賀県小計,固定店舗,クレジットカード　利用可能店,小売業,6,2311.6923076923076
佐賀県小計,固定店舗,クレジットカード　利用可能店,飲食業,6,572.6153846153846
佐賀県小計,固定店舗,合計,その他サービス業,6,1132.1538461538462
佐賀県小計,固定店舗,合計,小売業,6,2753.423076923077
佐賀県小計,固定店舗,合計,飲食業,6,801.8846153846154
佐賀県小計,移動販売等（タクシー、屋台など）,QRコード　利用可能店,合計,6,86.65384615384616
佐賀県小計,移動販売等（タクシー、屋台など）,その他電子マネー等　利用可能店,合計,6,47.84615384615385
佐賀県小計,移動販売等（タクシー、屋台など）,クレジットカード　利用可能店,合計,6,85.61538461538461
佐賀県小計,移動販売等（タクシー、屋台など）,合計,合計,6,135.80769230769232
佐賀県小計,通信販売,QRコード　利用可能店,合計,6,19.692307692307693
佐賀県小計,通信販売,その他電子マネー等　利用可能店,合計,6,301.88461538461536
佐賀県小計,通信販売,クレジットカード　利用可能店,合計,6,285.6923076923077
佐賀県小計,通信販売,合計,合計,6,568.4615384615385
兵庫県小計,合計,QRコード　利用可能店,合計,6,16101.384615384615
兵庫県小計,合計,その他電子マネー等　利用可能店,合計,6,16702.884615384617
兵庫県小計,合計,クレジットカード　利用可能店,合計,6,29472.346153846152
兵庫県小計,合計,合計,合計,6,39484.61538461538
兵庫県小計,固定店舗,QRコード　利用可能店,その他サービス業,6,4686.076923076923
兵庫県小計,固定店舗,QRコード　利用可能店,小売業,6,6915.884615384615
兵庫県小計,固定店舗,QRコード　利用可能店,飲食業,6,3593.3846153846152
兵庫県小計,固定店舗,その他電子マネー等　利用可能店,その他サービス業,6,4184.0
兵庫県小計,固定店舗,その他電子マネー等　利用可能店,小売業,6,6516.423076923077
兵庫県小計,固定店舗,その他電子マネー等　利用可能店,飲食業,6,2658.3076923076924
兵庫県小計,固定店舗,クレジットカード　利用可能店,その他サービス業,6,8201.538461538461
兵庫県小計,固定店舗,クレジットカード　利用可能店,小売業,6,12755.192307692309
兵庫県小計,固定店舗,クレジットカード　利用可能店,飲食業,6,5023.923076923077
兵庫県小計,固定店舗,合計,その他サービス業,6,10266.23076923077
兵庫県小計,固定店舗,合計,小売業,6,15350.153846153846
兵庫県小計,固定店舗,合計,飲食業,6,7049.423076923077
兵庫県小計,移動販売等（タクシー、屋台など）,QRコード　利用可能店,合計,6,770.7307692307693
兵庫県小計,移動販売等（タクシー、屋台など）,その他電子マネー等　利用可能店,合計,6,397.0
兵庫県小計,移動販売等（タクシー、屋台など）,クレジットカード　利用可能店,合計,6,802.9230769230769
兵庫県小計,移動販売等（タクシー、屋台など）,合計,合計,6,1327.6923076923076
兵庫県小計,通信販売,QRコード　利用可能店,合計,6,135.30769230769232
兵庫県小計,通信販売,その他電子マネー等　利用可能店,合計,6,2947.153846153846
兵庫県小計,通信販売,クレジットカード　利用可能店,合計,6,2688.769230769231
兵庫県小計,通信販売,合計,合計,6,5491.115384615385
北海道小計,合計,QRコード　利用可能店,合計,6,18177.30769230769
北海道小計,合計,その他電子マネー等　利用可能店,合計,6,18015.96153846154
北海道小計,合計,クレジットカード　利用可能店,合計,6,35750.692307692305
北海道小計,合計,合計,合計,6,45004.38461538462
北海道小計,固定店舗,QRコード　利用可能店,その他サービス業,6,4350.0
北海道小計,固定店舗,QRコード　利用可能店,小売業,6,8528.615384615385
北海道小計,固定店舗,QRコード　利用可能店,飲食業,6,3538.0384615384614
北海道小計,固定店舗,その他電子マネー等　利用可能店,その他サービス業,6,4041.3846153846152
北海道小計,固定店舗,その他電子マネー等　利用可能店,小売業,6,8695.384615384615
北海道小計,固定店舗,その他電子マネー等　利用可能店,飲食業,6,3104.5
北海道小計,固定店舗,クレジットカード　利用可能店,その他サービス業,6,9246.192307692309
北海道小計,固定店舗,クレジットカード　利用可能店,小売業,6,17699.76923076923
北海道小計,固定店舗,クレジットカード　利用可能店,飲食業,6,5905.346153846154
北海道小計,固定店舗,合計,その他サービス業,6,11217.153846153846
北海道小計,固定店舗,合計,小売業,6,20410.423076923078
北海道小計,固定店舗,合計,飲食業,6,7705.2307692307695
北海道小計,移動販売等（タクシー、屋台など）,QRコード　利用可能店,合計,6,1672.3461538461538
北海道小計,移動販売等（タクシー、屋台など）,その他電子マネー等　利用可能店,合計,6,632.4230769230769
北海道小計,移動販売等（タクシー、屋台など）,クレジットカード　利用可能店,合計,6,1132.4615384615386
北海道小計,移動販売等（タクシー、屋台など）,合計,合計,6,2430.6153846153848
北海道小計,通信販売,QRコード　利用可能店,合計,6,88.3076923076923
北海道小計,通信販売,その他電子マネー等　利用可能店,合計,6,1542.2692307692307
北海道小計,通信販売,クレジットカード　利用可能店,合計,6,1766.923076923077
北海道小計,通信販売,合計,合計,6,3240.9615384615386
千葉県小計,合計,QRコード　利用可能店,合計,6,11057.384615384615
千葉県小計,合計,その他電子マネー等　利用可能店,合計,6,13979.192307692309
千葉県小計,合計,クレジットカード　利用可能店,合計,6,23077.846153846152
千葉県小計,合計,合計,合計,6,29205.80769230769
千葉県小計,固定店舗,QRコード　利用可能店,その他サービス業,6,3282.4615384615386
千葉県小計,固定店舗,QRコード　利用可能店,小売業,6,5027.7307692307695
千葉県小計,固定店舗,QRコード　利用可能店,飲食業,6,2150.923076923077
千葉県小計,固定店舗,その他電子マネー等　利用可能店,その他サービス業,6,3447.4615384615386
千葉県小計,固定店舗,その他電子マネー等　利用可能店,小売業,6,5481.307692307692
千葉県小計,固定店舗,その他電子マネー等　利用可能店,飲食業,6,2204.230769230769
千葉県小計,固定店舗,クレジットカード　利用可能店,その他サービス業,6,6857.423076923077
千葉県小計,固定店舗,クレジットカード　利用可能店,小売業,6,9643.73076923077
千葉県小計,固定店舗,クレジットカード　利用可能店,飲食業,6,3852.269230769231
千葉県小計,固定店舗,合計,その他サービス業,6,8282.307692307691
千葉県小計,固定店舗,合計,小売業,6,11037.653846153846
千葉県小計,固定店舗,合計,飲食業,6,4964.115384615385
千葉県小計,移動販売等（タクシー、屋台など）,QRコード　利用可能店,合計,6,528.7692307692307
千葉県小計,移動販売等（タクシー、屋台など）,その他電子マネー等　利用可能店,合計,6,841.0769230769231
千葉県小計,移動販売等（タクシー、屋台など）,クレジットカード　利用可能店,合計,6,1129.3846153846155
千葉県小計,移動販売等（タクシー、屋台など）,合計,合計,6,1426.3846153846155
千葉県小計,通信販売,QRコード　利用可能店,合計,6,67.5
千葉県小計,通信販売,その他電子マネー等　利用可能店,合計,6,2005.1153846153845
千葉県小計,通信販売,クレジットカード　利用可能店,合計,6,1595.0384615384614
千葉県小計,通信販売,合計,合計,6,3495.346153846154
和歌山県小計,合計,QRコード　利用可能店,合計,6,4223.961538461538
和歌山県小計,合計,その他電子マネー等　利用可能店,合計,6,2704.0384615384614
和歌山県小計,合計,クレジットカード　利用可能店,合計,6,4563.5
和歌山県小計,合計,合計,合計,6,7715.923076923077
和歌山県小計,固定店舗,QRコード　利用可能店,その他サービス業,6,1070.5
和歌山県小計,固定店舗,QRコード　利用可能店,小売業,6,1987.8076923076924
和歌山県小計,固定店舗,QRコード　利用可能店,飲食業,6,838.3076923076923
和歌山県小計,固定店舗,その他電子マネー等　利用可能店,その他サービス業,6,506.7692307692308
和歌山県小計,固定店舗,その他電子マネー等　利用可能店,小売業,6,1218.3076923076924
和歌山県小計,固定店舗,その他電子マネー等　利用可能店,飲食業,6,347.6923076923077
和歌山県小計,固定店舗,クレジットカード　利用可能店,その他サービス業,6,923.4230769230769
和歌山県小計,固定店舗,クレジットカード　利用可能店,小売業,6,2426.6923076923076
和歌山県小計,固定店舗,クレジットカード　利用可能店,飲食業,6,609.2307692307693
和歌山県小計,固定店舗,合計,その他サービス業,6,1662.5
和歌山県小計,固定店舗,合計,小売業,6,3467.4615384615386
和歌山県小計,固定店舗,合計,飲食業,6,1187.2692307692307
和歌山県小計,移動販売等（タクシー、屋台など）,QRコード　利用可能店,合計,6,177.76923076923077
和歌山県小計,移動販売等（タクシー、屋台など）,その他電子マネー等　利用可能店,合計,6,49.5
和歌山県小計,移動販売等（タクシー、屋台など）,クレジットカード　利用可能店,合計,6,79.03846153846153
和歌山県小計,移動販売等（タクシー、屋台など）,合計,合計,6,225.6153846153846
和歌山県小計,通信販売,QRコード　利用可能店,合計,6,149.57692307692307
和歌山県小計,通信販売,その他電子マネー等　利用可能店,合計,6,581.7692307692307
和歌山県小計,通信販売,クレジットカード　利用可能店,合計,6,525.1153846153846
和歌山県小計,通信販売,合計,合計,6,1173.076923076923
埼玉県小計,合計,QRコード　利用可能店,合計,6,13927.038461538461
埼玉県小計,合計,その他電子マネー等　利用可能店,合計,6,15211.076923076924
埼玉県小計,合計,クレジットカード　利用可能店,合計,6,24467.0
埼玉県小計,合計,合計,合計,6,33095.692307692305
埼玉県小計,固定店舗,QRコード　利用可能店,その他サービス業,6,4093.846153846154
埼玉県小計,固定店舗,QRコード　利用可能店,小売業,6,6619.153846153846
埼玉県小計,固定店舗,QRコード　利用可能店,飲食業,6,2510.3846153846152
埼玉県小計,固定店舗,その他電子マネー等　利用可能店,その他サービス業,6,3734.923076923077
埼玉県小計,固定店舗,その他電子マネー等　利用可能店,小売業,6,6051.846153846154
埼玉県小計,固定店舗,その他電子マネー等　利用可能店,飲食業,6,2359.846153846154
埼玉県小計,固定店舗,クレジットカード　利用可能店,その他サービス業,6,7266.076923076923
埼玉県小計,固定店舗,クレジットカード　利用可能店,小売業,6,10447.26923076923
埼玉県小計,固定店舗,クレジットカード　利用可能店,飲食業,6,4052.846153846154
埼玉県小計,固定店舗,合計,その他サービス業,6,9227.846153846154
埼玉県小計,固定店舗,合計,小売業,6,12706.192307692309
埼玉県小計,固定店舗,合計,飲食業,6,5553.7692307692305
埼玉県小計,移動販売等（タクシー、屋台など）,QRコード　利用可能店,合計,6,621.6923076923077
埼玉県小計,移動販売等（タクシー、屋台など）,その他電子マネー等　利用可能店,合計,6,423.11538461538464
埼玉県小計,移動販売等（タクシー、屋台など）,クレジットカード　利用可能店,合計,6,661.2307692307693
埼玉県小計,移動販売等（タクシー、屋台など）,合計,合計,6,1020.5769230769231
埼玉県小計,通信販売,QRコード　利用可能店,合計,6,81.96153846153847
埼玉県小計,通信販売,その他電子マネー等　利用可能店,合計,6,2641.346153846154
埼玉県小計,通信販売,クレジットカード　利用可能店,合計,6,2039.576923076923
埼玉県小計,通信販売,合計,合計,6,4587.307692307692
大分県小計,合計,QRコード　利用可能店,合計,6,3418.923076923077
大分県小計,合計,その他電子マネー等　利用可能店,合計,6,3399.076923076923
大分県小計,合計,クレジットカード　利用可能店,合計,6,6625.692307692308
大分県小計,合計,合計,合計,6,8538.5
大分県小計,固定店舗,QRコード　利用可能店,その他サービス業,6,812.8076923076923
大分県小計,固定店舗,QRコード　利用可能店,小売業,6,1629.0384615384614
大分県小計,固定店舗,QRコード　利用可能店,飲食業,6,713.3846153846154
大分県小計,固定店舗,その他電子マネー等　利用可能店,その他サービス業,6,823.0384615384615
大分県小計,固定店舗,その他電子マネー等　利用可能店,小売業,6,1542.6538461538462
大分県小計,固定店舗,その他電子マネー等　利用可能店,飲食業,6,572.6538461538462
大分県小計,固定店舗,クレジットカード　利用可能店,その他サービス業,6,1706.076923076923
大分県小計,固定店舗,クレジットカード　利用可能店,小売業,6,3339.423076923077
大分県小計,固定店舗,クレジットカード　利用可能店,飲食業,6,1079.8076923076924
大分県小計,固定店舗,合計,その他サービス業,6,2062.0384615384614
大分県小計,固定店舗,合計,小売業,6,3954.730769230769
大分県小計,固定店舗,合計,飲食業,6,1447.9615384615386
大分県小計,移動販売等（タクシー、屋台など）,QRコード　利用可能店,合計,6,250.8846153846154
大分県小計,移動販売等（タクシー、屋台など）,その他電子マネー等　利用可能店,合計,6,69.6923076923077
大分県小計,移動販売等（タクシー、屋台など）,クレジットカード　利用可能店,合計,6,182.76923076923077
大分県小計,移動販売等（タクシー、屋台など）,合計,合計,6,382.46153846153845
大分県小計,通信販売,QRコード　利用可能店,合計,6,12.807692307692308
大分県小計,通信販売,その他電子マネー等　利用可能店,合計,6,391.03846153846155
大分県小計,通信販売,クレジットカード　利用可能店,合計,6,317.61538461538464
大分県小計,通信販売,合計,合計,6,691.3076923076923
大阪府小計,合計,QRコード　利用可能店,合計,6,30197.346153846152
大阪府小計,合計,その他電子マネー等　利用可能店,合計,6,31880.153846153848
大阪府小計,合計,クレジットカード　利用可能店,合計,6,53600.92307692308
大阪府小計,合計,合計,合計,6,75628.38461538461
大阪府小計,固定店舗,QRコード　利用可能店,その他サービス業,6,7585.038461538462
大阪府小計,固定店舗,QRコード　利用可能店,小売業,6,12186.615384615385
大阪府小計,固定店舗,QRコード　利用可能店,飲食業,6,7720.884615384615
大阪府小計,固定店舗,その他電子マネー等　利用可能店,その他サービス業,6,6540.423076923077
大阪府小計,固定店舗,その他電子マネー等　利用可能店,小売業,6,10823.73076923077
大阪府小計,固定店舗,その他電子マネー等　利用可能店,飲食業,6,5843.038461538462
大阪府小計,固定店舗,クレジットカード　利用可能店,その他サービス業,6,13519.807692307691
大阪府小計,固定店舗,クレジットカード　利用可能店,小売業,6,19596.96153846154
大阪府小計,固定店舗,クレジットカード　利用可能店,飲食業,6,11869.423076923076
大阪府小計,固定店舗,合計,その他サービス業,6,17005.653846153848
大阪府小計,固定店舗,合計,小売業,6,24183.384615384617
大阪府小計,固定店舗,合計,飲食業,6,16472.30769230769
大阪府小計,移動販売等（タクシー、屋台など）,QRコード　利用可能店,合計,6,2499.6923076923076
大阪府小計,移動販売等（タクシー、屋台など）,その他電子マネー等　利用可能店,合計,6,1098.1538461538462
大阪府小計,移動販売等（タクシー、屋台など）,クレジットカード　利用可能店,合計,6,1843.6153846153845
大阪府小計,移動販売等（タクシー、屋台など）,合計,合計,6,3926.1923076923076
大阪府小計,通信販売,QRコード　利用可能店,合計,6,205.1153846153846
大阪府小計,通信販売,その他電子マネー等　利用可能店,合計,6,7574.807692307692
大阪府小計,通信販売,クレジットカード　利用可能店,合計,6,6771.115384615385
大阪府小計,通信販売,合計,合計,6,14040.846153846154
奈良県小計,合計,QRコード　利用可能店,合計,6,3541.923076923077
奈良県小計,合計,その他電子マネー等　利用可能店,合計,6,3513.923076923077
奈良県小計,合計,クレジットカード　利用可能店,合計,6,5999.7307692307695
奈良県小計,合計,合計,合計,6,8221.038461538461
奈良県小計,固定店舗,QRコード　利用可能店,その他サービス業,6,1071.6153846153845
奈良県小計,固定店舗,QRコード　利用可能店,小売業,6,1522.3846153846155
奈良県小計,固定店舗,QRコード　利用可能店,飲食業,6,767.0
奈良県小計,固定店舗,その他電子マネー等　利用可能店,その他サービス業,6,894.5384615384615
奈良県小計,固定店舗,その他電子マネー等　利用可能店,小売業,6,1371.5384615384614
奈良県小計,固定店舗,その他電子マネー等　利用可能店,飲食業,6,517.3461538461538
奈良県小計,固定店舗,クレジットカード　利用可能店,その他サービス業,6,1766.3461538461538
奈良県小計,固定店舗,クレジットカード　利用可能店,小売業,6,2598.4615384615386
奈良県小計,固定店舗,クレジットカード　利用可能店,飲食業,6,951.2307692307693
奈良県小計,固定店舗,合計,その他サービス業,6,2240.6153846153848
奈良県小計,固定店舗,合計,小売業,6,3173.769230769231
奈良県小計,固定店舗,合計,飲食業,6,1381.1923076923076
奈良県小計,移動販売等（タクシー、屋台など）,QRコード　利用可能店,合計,6,136.1153846153846
奈良県小計,移動販売等（タクシー、屋台など）,その他電子マネー等　利用可能店,合計,6,63.15384615384615
奈良県小計,移動販売等（タクシー、屋台など）,クレジットカード　利用可能店,合計,6,107.96153846153847
奈良県小計,移動販売等（タクシー、屋台など）,合計,合計,6,200.73076923076923
奈良県小計,通信販売,QRコード　利用可能店,合計,6,44.80769230769231
奈良県小計,通信販売,その他電子マネー等　利用可能店,合計,6,667.3461538461538
奈良県小計,通信販売,クレジットカード　利用可能店,合計,6,575.7307692307693
奈良県小計,通信販売,合計,合計,6,1224.7307692307693
宮城県小計,合計,QRコード　利用可能店,合計,6,6490.961538461538
宮城県小計,合計,その他電子マネー等　利用可能店,合計,6,7592.307692307692
宮城県小計,合計,クレジットカード　利用可能店,合計,6,12107.923076923076
宮城県小計,合計,合計,合計,6,15645.423076923076
宮城県小計,固定店舗,QRコード　利用可能店,その他サービス業,6,1618.1153846153845
宮城県小計,固定店舗,QRコード　利用可能店,小売業,6,2908.923076923077
宮城県小計,固定店舗,QRコード　利用可能店,飲食業,6,1379.8846153846155
宮城県小計,固定店舗,その他電子マネー等　利用可能店,その他サービス業,6,1721.1923076923076
宮城県小計,固定店舗,その他電子マネー等　利用可能店,小売業,6,3622.9615384615386
宮城県小計,固定店舗,その他電子マネー等　利用可能店,飲食業,6,1355.2692307692307
宮城県小計,固定店舗,クレジットカード　利用可能店,その他サービス業,6,3073.1153846153848
宮城県小計,固定店舗,クレジットカード　利用可能店,小売業,6,5407.653846153846
宮城県小計,固定店舗,クレジットカード　利用可能店,飲食業,6,2406.230769230769
宮城県小計,固定店舗,合計,その他サービス業,6,3807.5384615384614
宮城県小計,固定店舗,合計,小売業,6,6420.0
宮城県小計,固定店舗,合計,飲食業,6,3172.5384615384614
宮城県小計,移動販売等（タクシー、屋台など）,QRコード　利用可能店,合計,6,529.2307692307693
宮城県小計,移動販売等（タクシー、屋台など）,その他電子マネー等　利用可能店,合計,6,258.11538461538464
宮城県小計,移動販売等（タクシー、屋台など）,クレジットカード　利用可能店,合計,6,538.9615384615385
宮城県小計,移動販売等（タクシー、屋台など）,合計,合計,6,950.1923076923077
宮城県小計,通信販売,QRコード　利用可能店,合計,6,54.80769230769231
宮城県小計,通信販売,その他電子マネー等　利用可能店,合計,6,634.7692307692307
宮城県小計,通信販売,クレジットカード　利用可能店,合計,6,681.9615384615385
宮城県小計,通信販売,合計,合計,6,1295.1538461538462
宮崎県小計,合計,QRコード　利用可能店,合計,6,4050.1923076923076
宮崎県小計,合計,その他電子マネー等　利用可能店,合計,6,2881.0
宮崎県小計,合計,クレジットカード　利用可能店,合計,6,5365.692307692308
宮崎県小計,合計,合計,合計,6,7865.461538461538
宮崎県小計,固定店舗,QRコード　利用可能店,その他サービス業,6,840.6538461538462
宮崎県小計,固定店舗,QRコード　利用可能店,小売業,6,1616.7692307692307
宮崎県小計,固定店舗,QRコード　利用可能店,飲食業,6,902.5
宮崎県小計,固定店舗,その他電子マネー等　利用可能店,その他サービス業,6,629.3846153846154
宮崎県小計,固定店舗,その他電子マネー等　利用可能店,小売業,6,1410.2692307692307
宮崎県小計,固定店舗,その他電子マネー等　利用可能店,飲食業,6,534.7307692307693
宮崎県小計,固定店舗,クレジットカード　利用可能店,その他サービス業,6,1084.6923076923076
宮崎県小計,固定店舗,クレジットカード　利用可能店,小売業,6,2941.5384615384614
宮崎県小計,固定店舗,クレジットカード　利用可能店,飲食業,6,871.3846153846154
宮崎県小計,固定店舗,合計,その他サービス業,6,1562.3846153846155
宮崎県小計,固定店舗,合計,小売業,6,3540.230769230769
宮崎県小計,固定店舗,合計,飲食業,6,1413.1538461538462
宮崎県小計,移動販売等（タクシー、屋台など）,QRコード　利用可能店,合計,6,677.3461538461538
宮崎県小計,移動販売等（タクシー、屋台など）,その他電子マネー等　利用可能店,合計,6,55.38461538461539
宮崎県小計,移動販売等（タクシー、屋台など）,クレジットカード　利用可能店,合計,6,89.26923076923077
宮崎県小計,移動販売等（タクシー、屋台など）,合計,合計,6,736.8846153846154
宮崎県小計,通信販売,QRコード　利用可能店,合計,6,12.923076923076923
宮崎県小計,通信販売,その他電子マネー等　利用可能店,合計,6,251.23076923076923
宮崎県小計,通信販売,クレジットカード　利用可能店,合計,6,378.8076923076923
宮崎県小計,通信販売,合計,合計,6,612.8076923076923
富山県小計,合計,QRコード　利用可能店,合計,6,4002.769230769231
富山県小計,合計,その他電子マネー等　利用可能店,合計,6,3662.4615384615386
富山県小計,合計,クレジットカード　利用可能店,合計,6,6724.576923076923
富山県小計,合計,合計,合計,6,9207.846153846154
富山県小計,固定店舗,QRコード　利用可能店,その他サービス業,6,1061.1153846153845
富山県小計,固定店舗,QRコード　利用可能店,小売業,6,1978.923076923077
富山県小計,固定店舗,QRコード　利用可能店,飲食業,6,762.0769230769231
富山県小計,固定店舗,その他電子マネー等　利用可能店,その他サービス業,6,821.9615384615385
富山県小計,固定店舗,その他電子マネー等　利用可能店,小売業,6,1821.3076923076924
富山県小計,固定店舗,その他電子マネー等　利用可能店,飲食業,6,545.6153846153846
富山県小計,固定店舗,クレジットカード　利用可能店,その他サービス業,6,1626.1538461538462
富山県小計,固定店舗,クレジットカード　利用可能店,小売業,6,3432.5
富山県小計,固定店舗,クレジットカード　利用可能店,飲食業,6,1115.2692307692307
富山県小計,固定店舗,合計,その他サービス業,6,2245.8076923076924
富山県小計,固定店舗,合計,小売業,6,4314.346153846154
富山県小計,固定店舗,合計,飲食業,6,1608.0384615384614
富山県小計,移動販売等（タクシー、屋台など）,QRコード　利用可能店,合計,6,170.34615384615384
富山県小計,移動販売等（タクシー、屋台など）,その他電子マネー等　利用可能店,合計,6,84.6923076923077
富山県小計,移動販売等（タクシー、屋台など）,クレジットカード　利用可能店,合計,6,169.5
富山県小計,移動販売等（タクシー、屋台など）,合計,合計,6,292.84615384615387
富山県小計,通信販売,QRコード　利用可能店,合計,6,30.307692307692307
富山県小計,通信販売,その他電子マネー等　利用可能店,合計,6,388.88461538461536
富山県小計,通信販売,クレジットカード　利用可能店,合計,6,381.15384615384613
富山県小計,通信販売,合計,合計,6,746.8076923076923
山口県小計,合計,QRコード　利用可能店,合計,6,4560.576923076923
山口県小計,合計,その他電子マネー等　利用可能店,合計,6,3673.269230769231
山口県小計,合計,クレジットカード　利用可能店,合計,6,6659.192307692308
山口県小計,合計,合計,合計,6,9344.076923076924
山口県小計,固定店舗,QRコード　利用可能店,その他サービス業,6,1203.2692307692307
山口県小計,固定店舗,QRコード　利用可能店,小売業,6,2079.8076923076924
山口県小計,固定店舗,QRコード　利用可能店,飲食業,6,833.0769230769231
山口県小計,固定店舗,その他電子マネー等　利用可能店,その他サービス業,6,768.6538461538462
山口県小計,固定店舗,その他電子マネー等　利用可能店,小売業,6,1876.8846153846155
山口県小計,固定店舗,その他電子マネー等　利用可能店,飲食業,6,576.0384615384615
山口県小計,固定店舗,クレジットカード　利用可能店,その他サービス業,6,1387.9615384615386
山口県小計,固定店舗,クレジットカード　利用可能店,小売業,6,3799.230769230769
山口県小計,固定店舗,クレジットカード　利用可能店,飲食業,6,937.0
山口県小計,固定店舗,合計,その他サービス業,6,2090.576923076923
山口県小計,固定店舗,合計,小売業,6,4605.692307692308
山口県小計,固定店舗,合計,飲食業,6,1405.4615384615386
山口県小計,移動販売等（タクシー、屋台など）,QRコード　利用可能店,合計,6,421.84615384615387
山口県小計,移動販売等（タクシー、屋台など）,その他電子マネー等　利用可能店,合計,6,75.11538461538461
山口県小計,移動販売等（タクシー、屋台など）,クレジットカード　利用可能店,合計,6,160.5
山口県小計,移動販売等（タクシー、屋台など）,合計,合計,6,516.4230769230769
山口県小計,通信販売,QRコード　利用可能店,合計,6,22.576923076923077
山口県小計,通信販売,その他電子マネー等　利用可能店,合計,6,376.5769230769231
山口県小計,通信販売,クレジットカード　利用可能店,合計,6,374.5
山口県小計,通信販売,合計,合計,6,725.9230769230769
山形県小計,合計,QRコード　利用可能店,合計,6,3836.3846153846152
山形県小計,合計,その他電子マネー等　利用可能店,合計,6,3092.153846153846
山形県小計,合計,クレジットカード　利用可能店,合計,6,5528.461538461538
山形県小計,合計,合計,合計,6,7844.961538461538
山形県小計,固定店舗,QRコード　利用可能店,その他サービス業,6,1050.3076923076924
山形県小計,固定店舗,QRコード　利用可能店,小売業,6,1771.8076923076924
山形県小計,固定店舗,QRコード　利用可能店,飲食業,6,655.8076923076923
山形県小計,固定店舗,その他電子マネー等　利用可能店,その他サービス業,6,701.9230769230769
山形県小計,固定店舗,その他電子マネー等　利用可能店,小売業,6,1561.0384615384614
山形県小計,固定店舗,その他電子マネー等　利用可能店,飲食業,6,431.9230769230769
山形県小計,固定店舗,クレジットカード　利用可能店,その他サービス業,6,1297.423076923077
山形県小計,固定店舗,クレジットカード　利用可能店,小売業,6,3066.230769230769
山形県小計,固定店舗,クレジットカード　利用可能店,飲食業,6,681.8076923076923
山形県小計,固定店舗,合計,その他サービス業,6,1919.6153846153845
山形県小計,固定店舗,合計,小売業,6,3760.153846153846
山形県小計,固定店舗,合計,飲食業,6,1078.7692307692307
山形県小計,移動販売等（タクシー、屋台など）,QRコード　利用可能店,合計,6,323.8076923076923
山形県小計,移動販売等（タクシー、屋台など）,その他電子マネー等　利用可能店,合計,6,58.96153846153846
山形県小計,移動販売等（タクシー、屋台など）,クレジットカード　利用可能店,合計,6,115.6923076923077
山形県小計,移動販売等（タクシー、屋台など）,合計,合計,6,403.7692307692308
山形県小計,通信販売,QRコード　利用可能店,合計,6,34.65384615384615
山形県小計,通信販売,その他電子マネー等　利用可能店,合計,6,338.3076923076923
山形県小計,通信販売,クレジットカード　利用可能店,合計,6,367.3076923076923
山形県小計,通信販売,合計,合計,6,682.6538461538462
山梨県小計,合計,QRコード　利用可能店,合計,6,2272.1923076923076
山梨県小計,合計,その他電子マネー等　利用可能店,合計,6,2741.923076923077
山梨県小計,合計,クレジットカード　利用可能店,合計,6,5467.538461538462
山梨県小計,合計,合計,合計,6,6701.7692307692305
山梨県小計,固定店舗,QRコード　利用可能店,その他サービス業,6,575.6923076923077
山梨県小計,固定店舗,QRコード　利用可能店,小売業,6,1177.0
山梨県小計,固定店舗,QRコード　利用可能店,飲食業,6,385.7692307692308
山梨県小計,固定店舗,その他電子マネー等　利用可能店,その他サービス業,6,630.1923076923077
山梨県小計,固定店舗,その他電子マネー等　利用可能店,小売業,6,1208.3461538461538
山梨県小計,固定店舗,その他電子マネー等　利用可能店,飲食業,6,394.38461538461536
山梨県小計,固定店舗,クレジットカード　利用可能店,その他サービス業,6,1132.8846153846155
山梨県小計,固定店舗,クレジットカード　利用可能店,小売業,6,3178.769230769231
山梨県小計,固定店舗,クレジットカード　利用可能店,飲食業,6,661.7692307692307
山梨県小計,固定店舗,合計,その他サービス業,6,1385.923076923077
山梨県小計,固定店舗,合計,小売業,6,3502.8076923076924
山梨県小計,固定店舗,合計,飲食業,6,824.0384615384615
山梨県小計,移動販売等（タクシー、屋台など）,QRコード　利用可能店,合計,6,112.88461538461539
山梨県小計,移動販売等（タクシー、屋台など）,その他電子マネー等　利用可能店,合計,6,66.6923076923077
山梨県小計,移動販売等（タクシー、屋台など）,クレジットカード　利用可能店,合計,6,101.6923076923077
山梨県小計,移動販売等（タクシー、屋台など）,合計,合計,6,178.65384615384616
山梨県小計,通信販売,QRコード　利用可能店,合計,6,20.846153846153847
山梨県小計,通信販売,その他電子マネー等　利用可能店,合計,6,442.3076923076923
山梨県小計,通信販売,クレジットカード　利用可能店,合計,6,392.4230769230769
山梨県小計,通信販売,合計,合計,6,810.3461538461538
岐阜県小計,合計,QRコード　利用可能店,合計,6,7280.423076923077
岐阜県小計,合計,その他電子マネー等　利用可能店,合計,6,5728.961538461538
岐阜県小計,合計,クレジットカード　利用可能店,合計,6,10876.961538461539
岐阜県小計,合計,合計,合計,6,15237.807692307691
岐阜県小計,固定店舗,QRコード　利用可能店,その他サービス業,6,1933.4615384615386
岐阜県小計,固定店舗,QRコード　利用可能店,小売業,6,3522.230769230769
岐阜県小計,固定店舗,QRコード　利用可能店,飲食業,6,1422.1923076923076
岐阜県小計,固定店舗,その他電子マネー等　利用可能店,その他サービス業,6,1266.2692307692307
岐阜県小計,固定店舗,その他電子マネー等　利用可能店,小売業,6,2503.5384615384614
岐阜県小計,固定店舗,その他電子マネー等　利用可能店,飲食業,6,855.5769230769231
岐阜県小計,固定店舗,クレジットカード　利用可能店,その他サービス業,6,2417.6153846153848
岐阜県小計,固定店舗,クレジットカード　利用可能店,小売業,6,5872.5
岐阜県小計,固定店舗,クレジットカード　利用可能店,飲食業,6,1451.5
岐阜県小計,固定店舗,合計,その他サービス業,6,3454.769230769231
岐阜県小計,固定店舗,合計,小売業,6,7148.461538461538
岐阜県小計,固定店舗,合計,飲食業,6,2294.0384615384614
岐阜県小計,移動販売等（タクシー、屋台など）,QRコード　利用可能店,合計,6,343.34615384615387
岐阜県小計,移動販売等（タクシー、屋台など）,その他電子マネー等　利用可能店,合計,6,137.8846153846154
岐阜県小計,移動販売等（タクシー、屋台など）,クレジットカード　利用可能店,合計,6,255.65384615384616
岐阜県小計,移動販売等（タクシー、屋台など）,合計,合計,6,532.3846153846154
岐阜県小計,通信販売,QRコード　利用可能店,合計,6,59.19230769230769
岐阜県小計,通信販売,その他電子マネー等　利用可能店,合計,6,965.6923076923077
岐阜県小計,通信販売,クレジットカード　利用可能店,合計,6,879.6923076923077
岐阜県小計,通信販売,合計,合計,6,1808.1538461538462
岡山県小計,合計,QRコード　利用可能店,合計,6,7446.7307692307695
岡山県小計,合計,その他電子マネー等　利用可能店,合計,6,5988.692307692308
岡山県小計,合計,クレジットカード　利用可能店,合計,6,10451.153846153846
岡山県小計,合計,合計,合計,6,15251.0
岡山県小計,固定店舗,QRコード　利用可能店,その他サービス業,6,2077.153846153846
岡山県小計,固定店舗,QRコード　利用可能店,小売業,6,3306.653846153846
岡山県小計,固定店舗,QRコード　利用可能店,飲食業,6,1343.8846153846155
岡山県小計,固定店舗,その他電子マネー等　利用可能店,その他サービス業,6,1549.1923076923076
岡山県小計,固定店舗,その他電子マネー等　利用可能店,小売業,6,2671.653846153846
岡山県小計,固定店舗,その他電子マネー等　利用可能店,飲食業,6,856.6923076923077
岡山県小計,固定店舗,クレジットカード　利用可能店,その他サービス業,6,2569.423076923077
岡山県小計,固定店舗,クレジットカード　利用可能店,小売業,6,5249.807692307692
岡山県小計,固定店舗,クレジットカード　利用可能店,飲食業,6,1466.2307692307693
岡山県小計,固定店舗,合計,その他サービス業,6,3804.3076923076924
岡山県小計,固定店舗,合計,小売業,6,6678.5
岡山県小計,固定店舗,合計,飲食業,6,2290.6923076923076
岡山県小計,移動販売等（タクシー、屋台など）,QRコード　利用可能店,合計,6,658.9230769230769
岡山県小計,移動販売等（タクシー、屋台など）,その他電子マネー等　利用可能店,合計,6,110.53846153846153
岡山県小計,移動販売等（タクシー、屋台など）,クレジットカード　利用可能店,合計,6,240.8846153846154
岡山県小計,移動販売等（タクシー、屋台など）,合計,合計,6,793.9615384615385
岡山県小計,通信販売,QRコード　利用可能店,合計,6,60.11538461538461
岡山県小計,通信販売,その他電子マネー等　利用可能店,合計,6,800.6153846153846
岡山県小計,通信販売,クレジットカード　利用可能店,合計,6,924.8076923076923
岡山県小計,通信販売,合計,合計,6,1683.5384615384614
岩手県小計,合計,QRコード　利用可能店,合計,6,4361.961538461538
岩手県小計,合計,その他電子マネー等　利用可能店,合計,6,3309.4615384615386
岩手県小計,合計,クレジットカード　利用可能店,合計,6,5411.2307692307695
岩手県小計,合計,合計,合計,6,8068.576923076923
岩手県小計,固定店舗,QRコード　利用可能店,その他サービス業,6,1166.0384615384614
岩手県小計,固定店舗,QRコード　利用可能店,小売業,6,1951.3846153846155
岩手県小計,固定店舗,QRコード　利用可能店,飲食業,6,782.5769230769231
岩手県小計,固定店舗,その他電子マネー等　利用可能店,その他サービス業,6,773.9230769230769
岩手県小計,固定店舗,その他電子マネー等　利用可能店,小売業,6,1770.8461538461538
岩手県小計,固定店舗,その他電子マネー等　利用可能店,飲食業,6,474.2307692307692
岩手県小計,固定店舗,クレジットカード　利用可能店,その他サービス業,6,1338.1538461538462
岩手県小計,固定店舗,クレジットカード　利用可能店,小売業,6,2940.576923076923
岩手県小計,固定店舗,クレジットカード　利用可能店,飲食業,6,731.0769230769231
岩手県小計,固定店舗,合計,その他サービス業,6,2010.3076923076924
岩手県小計,固定店舗,合計,小売業,6,3802.9615384615386
岩手県小計,固定店舗,合計,飲食業,6,1251.6153846153845
岩手県小計,移動販売等（タクシー、屋台など）,QRコード　利用可能店,合計,6,344.84615384615387
岩手県小計,移動販売等（タクシー、屋台など）,その他電子マネー等　利用可能店,合計,6,63.92307692307692
岩手県小計,移動販売等（タクシー、屋台など）,クレジットカード　利用可能店,合計,6,138.8846153846154
岩手県小計,移動販売等（タクシー、屋台など）,合計,合計,6,434.2692307692308
岩手県小計,通信販売,QRコード　利用可能店,合計,6,117.11538461538461
岩手県小計,通信販売,その他電子マネー等　利用可能店,合計,6,226.53846153846155
岩手県小計,通信販売,クレジットカード　利用可能店,合計,6,262.53846153846155
岩手県小計,通信販売,合計,合計,6,569.4230769230769
島根県小計,合計,QRコード　利用可能店,合計,6,3015.923076923077
島根県小計,合計,その他電子マネー等　利用可能店,合計,6,2188.6153846153848
島根県小計,合計,クレジットカード　利用可能店,合計,6,4318.961538461538
島根県小計,合計,合計,合計,6,5914.2307692307695
島根県小計,固定店舗,QRコード　利用可能店,その他サービス業,6,800.4230769230769
島根県小計,固定店舗,QRコード　利用可能店,小売業,6,1445.3076923076924
島根県小計,固定店舗,QRコード　利用可能店,飲食業,6,629.0
島根県小計,固定店舗,その他電子マネー等　利用可能店,その他サービス業,6,467.03846153846155
島根県小計,固定店舗,その他電子マネー等　利用可能店,小売業,6,1186.1538461538462
島根県小計,固定店舗,その他電子マネー等　利用可能店,飲食業,6,330.96153846153845
島根県小計,固定店舗,クレジットカード　利用可能店,その他サービス業,6,995.2307692307693
島根県小計,固定店舗,クレジットカード　利用可能店,小売業,6,2467.3076923076924
島根県小計,固定店舗,クレジットカード　利用可能店,飲食業,6,559.8461538461538
島根県小計,固定店舗,合計,その他サービス業,6,1417.6538461538462
島根県小計,固定店舗,合計,小売業,6,3022.0
島根県小計,固定店舗,合計,飲食業,6,927.8461538461538
島根県小計,移動販売等（タクシー、屋台など）,QRコード　利用可能店,合計,6,120.6923076923077
島根県小計,移動販売等（タクシー、屋台など）,その他電子マネー等　利用可能店,合計,6,32.26923076923077
島根県小計,移動販売等（タクシー、屋台など）,クレジットカード　利用可能店,合計,6,74.46153846153847
島根県小計,移動販売等（タクシー、屋台など）,合計,合計,6,171.6153846153846
島根県小計,通信販売,QRコード　利用可能店,合計,6,20.5
島根県小計,通信販売,その他電子マネー等　利用可能店,合計,6,172.19230769230768
島根県小計,通信販売,クレジットカード　利用可能店,合計,6,222.1153846153846
島根県小計,通信販売,合計,合計,6,375.11538461538464
広島県小計,合計,QRコード　利用可能店,合計,6,11124.653846153846
広島県小計,合計,その他電子マネー等　利用可能店,合計,6,9325.615384615385
広島県小計,合計,クレジットカード　利用可能店,合計,6,15437.5
広島県小計,合計,合計,合計,6,22494.576923076922
広島県小計,固定店舗,QRコード　利用可能店,その他サービス業,6,3088.8076923076924
広島県小計,固定店舗,QRコード　利用可能店,小売業,6,4581.384615384615
広島県小計,固定店舗,QRコード　利用可能店,飲食業,6,2424.923076923077
広島県小計,固定店舗,その他電子マネー等　利用可能店,その他サービス業,6,2287.6153846153848
広島県小計,固定店舗,その他電子マネー等　利用可能店,小売業,6,3947.8846153846152
広島県小計,固定店舗,その他電子マネー等　利用可能店,飲食業,6,1707.8076923076924
広島県小計,固定店舗,クレジットカード　利用可能店,その他サービス業,6,3786.3076923076924
広島県小計,固定店舗,クレジットカード　利用可能店,小売業,6,7152.7307692307695
広島県小計,固定店舗,クレジットカード　利用可能店,飲食業,6,2725.346153846154
広島県小計,固定店舗,合計,その他サービス業,6,5530.5
広島県小計,固定店舗,合計,小売業,6,9135.153846153846
広島県小計,固定店舗,合計,飲食業,6,4217.692307692308
広島県小計,移動販売等（タクシー、屋台など）,QRコード　利用可能店,合計,6,977.0769230769231
広島県小計,移動販売等（タクシー、屋台など）,その他電子マネー等　利用可能店,合計,6,335.0
広島県小計,移動販売等（タクシー、屋台など）,クレジットカード　利用可能店,合計,6,623.5384615384615
広島県小計,移動販売等（タクシー、屋台など）,合計,合計,6,1466.8076923076924
広島県小計,通信販売,QRコード　利用可能店,合計,6,52.46153846153846
広島県小計,通信販売,その他電子マネー等　利用可能店,合計,6,1047.3076923076924
広島県小計,通信販売,クレジットカード　利用可能店,合計,6,1149.576923076923
広島県小計,通信販売,合計,合計,6,2144.423076923077
徳島県小計,合計,QRコード　利用可能店,合計,6,2547.769230769231
徳島県小計,合計,その他電子マネー等　利用可能店,合計,6,2237.1153846153848
徳島県小計,合計,クレジットカード　利用可能店,合計,6,4127.076923076923
徳島県小計,合計,合計,合計,6,5702.461538461538
徳島県小計,固定店舗,QRコード　利用可能店,その他サービス業,6,644.3461538461538
徳島県小計,固定店舗,QRコード　利用可能店,小売業,6,1302.2692307692307
徳島県小計,固定店舗,QRコード　利用可能店,飲食業,6,429.53846153846155
徳島県小計,固定店舗,その他電子マネー等　利用可能店,その他サービス業,6,451.61538461538464
徳島県小計,固定店舗,その他電子マネー等　利用可能店,小売業,6,1102.2307692307693
徳島県小計,固定店舗,その他電子マネー等　利用可能店,飲食業,6,310.5
徳島県小計,固定店舗,クレジットカード　利用可能店,その他サービス業,6,919.8076923076923
徳島県小計,固定店舗,クレジットカード　利用可能店,小売業,6,2240.730769230769
徳島県小計,固定店舗,クレジットカード　利用可能店,飲食業,6,585.6153846153846
徳島県小計,固定店舗,合計,その他サービス業,6,1276.9615384615386
徳島県小計,固定店舗,合計,小売業,6,2793.3846153846152
徳島県小計,固定店舗,合計,飲食業,6,830.3461538461538
徳島県小計,移動販売等（タクシー、屋台など）,QRコード　利用可能店,合計,6,140.34615384615384
徳島県小計,移動販売等（タクシー、屋台など）,その他電子マネー等　利用可能店,合計,6,49.19230769230769
徳島県小計,移動販売等（タクシー、屋台など）,クレジットカード　利用可能店,合計,6,71.38461538461539
徳島県小計,移動販売等（タクシー、屋台など）,合計,合計,6,185.6153846153846
徳島県小計,通信販売,QRコード　利用可能店,合計,6,31.26923076923077
徳島県小計,通信販売,その他電子マネー等　利用可能店,合計,6,323.5769230769231
徳島県小計,通信販売,クレジットカード　利用可能店,合計,6,309.53846153846155
徳島県小計,通信販売,合計,合計,6,616.1538461538462
愛媛県小計,合計,QRコード　利用可能店,合計,6,4640.115384615385
愛媛県小計,合計,その他電子マネー等　利用可能店,合計,6,4028.5384615384614
愛媛県小計,合計,クレジットカード　利用可能店,合計,6,6591.307692307692
愛媛県小計,合計,合計,合計,6,9493.538461538461
愛媛県小計,固定店舗,QRコード　利用可能店,その他サービス業,6,1179.2692307692307
愛媛県小計,固定店舗,QRコード　利用可能店,小売業,6,2269.923076923077
愛媛県小計,固定店舗,QRコード　利用可能店,飲食業,6,986.6538461538462
愛媛県小計,固定店舗,その他電子マネー等　利用可能店,その他サービス業,6,815.8461538461538
愛媛県小計,固定店舗,その他電子マネー等　利用可能店,小売業,6,2031.923076923077
愛媛県小計,固定店舗,その他電子マネー等　利用可能店,飲食業,6,600.7692307692307
愛媛県小計,固定店舗,クレジットカード　利用可能店,その他サービス業,6,1339.076923076923
愛媛県小計,固定店舗,クレジットカード　利用可能店,小売業,6,3574.423076923077
愛媛県小計,固定店舗,クレジットカード　利用可能店,飲食業,6,978.0769230769231
愛媛県小計,固定店舗,合計,その他サービス業,6,2052.730769230769
愛媛県小計,固定店舗,合計,小売業,6,4556.576923076923
愛媛県小計,固定店舗,合計,飲食業,6,1606.1153846153845
愛媛県小計,移動販売等（タクシー、屋台など）,QRコード　利用可能店,合計,6,161.5
愛媛県小計,移動販売等（タクシー、屋台など）,その他電子マネー等　利用可能店,合計,6,75.26923076923077
愛媛県小計,移動販売等（タクシー、屋台など）,クレジットカード　利用可能店,合計,6,194.53846153846155
愛媛県小計,移動販売等（タクシー、屋台など）,合計,合計,6,301.15384615384613
愛媛県小計,通信販売,QRコード　利用可能店,合計,6,42.76923076923077
愛媛県小計,通信販売,その他電子マネー等　利用可能店,合計,6,504.7307692307692
愛媛県小計,通信販売,クレジットカード　利用可能店,合計,6,505.1923076923077
愛媛県小計,通信販売,合計,合計,6,976.9615384615385
愛知県小計,合計,QRコード　利用可能店,合計,6,23072.923076923078
愛知県小計,合計,その他電子マネー等　利用可能店,合計,6,22223.03846153846
愛知県小計,合計,クレジットカード　利用可能店,合計,6,38415.38461538462
愛知県小計,合計,合計,合計,6,52388.53846153846
愛知県小計,固定店舗,QRコード　利用可能店,その他サービス業,6,6527.846153846154
愛知県小計,固定店舗,QRコード　利用可能店,小売業,6,9960.23076923077
愛知県小計,固定店舗,QRコード　利用可能店,飲食業,6,5036.038461538462
愛知県小計,固定店舗,その他電子マネー等　利用可能店,その他サービス業,6,5041.346153846154
愛知県小計,固定店舗,その他電子マネー等　利用可能店,小売業,6,9099.76923076923
愛知県小計,固定店舗,その他電子マネー等　利用可能店,飲食業,6,4276.7692307692305
愛知県小計,固定店舗,クレジットカード　利用可能店,その他サービス業,6,9830.307692307691
愛知県小計,固定店舗,クレジットカード　利用可能店,小売業,6,17288.03846153846
愛知県小計,固定店舗,クレジットカード　利用可能店,飲食業,6,7590.923076923077
愛知県小計,固定店舗,合計,その他サービス業,6,13071.0
愛知県小計,固定店舗,合計,小売業,6,20758.03846153846
愛知県小計,固定店舗,合計,飲食業,6,10628.307692307691
愛知県小計,移動販売等（タクシー、屋台など）,QRコード　利用可能店,合計,6,1399.7307692307693
愛知県小計,移動販売等（タクシー、屋台など）,その他電子マネー等　利用可能店,合計,6,490.5769230769231
愛知県小計,移動販売等（タクシー、屋台など）,クレジットカード　利用可能店,合計,6,790.8461538461538
愛知県小計,移動販売等（タクシー、屋台など）,合計,合計,6,1833.423076923077
愛知県小計,通信販売,QRコード　利用可能店,合計,6,149.07692307692307
愛知県小計,通信販売,その他電子マネー等　利用可能店,合計,6,3314.576923076923
愛知県小計,通信販売,クレジットカード　利用可能店,合計,6,2915.269230769231
愛知県小計,通信販売,合計,合計,6,6097.7692307692305
新潟県小計,合計,QRコード　利用可能店,合計,6,7764.0
新潟県小計,合計,その他電子マネー等　利用可能店,合計,6,7041.115384615385
新潟県小計,合計,クレジットカード　利用可能店,合計,6,12806.576923076924
新潟県小計,合計,合計,合計,6,17215.615384615383
新潟県小計,固定店舗,QRコード　利用可能店,その他サービス業,6,2351.6923076923076
新潟県小計,固定店舗,QRコード　利用可能店,小売業,6,3308.653846153846
新潟県小計,固定店舗,QRコード　利用可能店,飲食業,6,1370.6153846153845
新潟県小計,固定店舗,その他電子マネー等　利用可能店,その他サービス業,6,2096.923076923077
新潟県小計,固定店舗,その他電子マネー等　利用可能店,小売業,6,2864.730769230769
新潟県小計,固定店舗,その他電子マネー等　利用可能店,飲食業,6,987.2692307692307
新潟県小計,固定店舗,クレジットカード　利用可能店,その他サービス業,6,3858.846153846154
新潟県小計,固定店舗,クレジットカード　利用可能店,小売業,6,5797.5
新潟県小計,固定店舗,クレジットカード　利用可能店,飲食業,6,1826.7307692307693
新潟県小計,固定店舗,合計,その他サービス業,6,4920.153846153846
新潟県小計,固定店舗,合計,小売業,6,7061.846153846154
新潟県小計,固定店舗,合計,飲食業,6,2573.730769230769
新潟県小計,移動販売等（タクシー、屋台など）,QRコード　利用可能店,合計,6,654.5769230769231
新潟県小計,移動販売等（タクシー、屋台など）,その他電子マネー等　利用可能店,合計,6,237.69230769230768
新潟県小計,移動販売等（タクシー、屋台など）,クレジットカード　利用可能店,合計,6,451.15384615384613
新潟県小計,移動販売等（タクシー、屋台など）,合計,合計,6,991.3846153846154
新潟県小計,通信販売,QRコード　利用可能店,合計,6,78.46153846153847
新潟県小計,通信販売,その他電子マネー等　利用可能店,合計,6,854.5
新潟県小計,通信販売,クレジットカード　利用可能店,合計,6,872.3461538461538
新潟県小計,通信販売,合計,合計,6,1668.5
東京都小計,合計,QRコード　利用可能店,合計,6,53897.53846153846
東京都小計,合計,その他電子マネー等　利用可能店,合計,6,70494.76923076923
東京都小計,合計,クレジットカード　利用可能店,合計,6,117435.57692307692
東京都小計,合計,合計,合計,6,148266.73076923078
東京都小計,固定店舗,QRコード　利用可能店,その他サービス業,6,13077.384615384615
東京都小計,固定店舗,QRコード　利用可能店,小売業,6,18382.923076923078
東京都小計,固定店舗,QRコード　利用可能店,飲食業,6,13874.807692307691
東京都小計,固定店舗,その他電子マネー等　利用可能店,その他サービス業,6,13618.538461538461
東京都小計,固定店舗,その他電子マネー等　利用可能店,小売業,6,19993.423076923078
東京都小計,固定店舗,その他電子マネー等　利用可能店,飲食業,6,14730.615384615385
東京都小計,固定店舗,クレジットカード　利用可能店,その他サービス業,6,29578.846153846152
東京都小計,固定店舗,クレジットカード　利用可能店,小売業,6,34489.5
東京都小計,固定店舗,クレジットカード　利用可能店,飲食業,6,28842.884615384617
東京都小計,固定店舗,合計,その他サービス業,6,34715.807692307695
東京都小計,固定店舗,合計,小売業,6,40860.269230769234
東京都小計,固定店舗,合計,飲食業,6,35041.346153846156
東京都小計,移動販売等（タクシー、屋台など）,QRコード　利用可能店,合計,6,8194.26923076923
東京都小計,移動販売等（タクシー、屋台など）,その他電子マネー等　利用可能店,合計,6,10688.5
東京都小計,移動販売等（タクシー、屋台など）,クレジットカード　利用可能店,合計,6,12896.961538461539
東京都小計,移動販売等（タクシー、屋台など）,合計,合計,6,15169.653846153846
東京都小計,通信販売,QRコード　利用可能店,合計,6,368.15384615384613
東京都小計,通信販売,その他電子マネー等　利用可能店,合計,6,11463.692307692309
東京都小計,通信販売,クレジットカード　利用可能店,合計,6,11627.384615384615
東京都小計,通信販売,合計,合計,6,22479.653846153848
栃木県小計,合計,QRコード　利用可能店,合計,6,5372.076923076923
栃木県小計,合計,その他電子マネー等　利用可能店,合計,6,5299.807692307692
栃木県小計,合計,クレジットカード　利用可能店,合計,6,8262.653846153846
栃木県小計,合計,合計,合計,6,11180.615384615385
栃木県小計,固定店舗,QRコード　利用可能店,その他サービス業,6,1465.1153846153845
栃木県小計,固定店舗,QRコード　利用可能店,小売業,6,2488.769230769231
栃木県小計,固定店舗,QRコード　利用可能店,飲食業,6,956.3461538461538
栃木県小計,固定店舗,その他電子マネー等　利用可能店,その他サービス業,6,1307.5
栃木県小計,固定店舗,その他電子マネー等　利用可能店,小売業,6,2577.923076923077
栃木県小計,固定店舗,その他電子マネー等　利用可能店,飲食業,6,807.1153846153846
栃木県小計,固定店舗,クレジットカード　利用可能店,その他サービス業,6,2191.3076923076924
栃木県小計,固定店舗,クレジットカード　利用可能店,小売業,6,4227.807692307692
栃木県小計,固定店舗,クレジットカード　利用可能店,飲食業,6,1239.7307692307693
栃木県小計,固定店舗,合計,その他サービス業,6,2884.0
栃木県小計,固定店舗,合計,小売業,6,5100.423076923077
栃木県小計,固定店舗,合計,飲食業,6,1771.1923076923076
栃木県小計,移動販売等（タクシー、屋台など）,QRコード　利用可能店,合計,6,283.5769230769231
栃木県小計,移動販売等（タクシー、屋台など）,その他電子マネー等　利用可能店,合計,6,102.07692307692308
栃木県小計,移動販売等（タクシー、屋台など）,クレジットカード　利用可能店,合計,6,159.80769230769232
栃木県小計,移動販売等（タクシー、屋台など）,合計,合計,6,363.3076923076923
栃木県小計,通信販売,QRコード　利用可能店,合計,6,178.26923076923077
栃木県小計,通信販売,その他電子マネー等　利用可能店,合計,6,505.1923076923077
栃木県小計,通信販売,クレジットカード　利用可能店,合計,6,444.0
栃木県小計,通信販売,合計,合計,6,1061.6923076923076
沖縄県小計,合計,QRコード　利用可能店,合計,6,3880.769230769231
沖縄県小計,合計,その他電子マネー等　利用可能店,合計,6,6340.076923076923
沖縄県小計,合計,クレジットカード　利用可能店,合計,6,10080.692307692309
沖縄県小計,合計,合計,合計,6,12200.692307692309
沖縄県小計,固定店舗,QRコード　利用可能店,その他サービス業,6,940.7307692307693
沖縄県小計,固定店舗,QRコード　利用可能店,小売業,6,1624.6923076923076
沖縄県小計,固定店舗,QRコード　利用可能店,飲食業,6,936.1153846153846
沖縄県小計,固定店舗,その他電子マネー等　利用可能店,その他サービス業,6,1749.576923076923
沖縄県小計,固定店舗,その他電子マネー等　利用可能店,小売業,6,2453.846153846154
沖縄県小計,固定店舗,その他電子マネー等　利用可能店,飲食業,6,1508.7307692307693
沖縄県小計,固定店舗,クレジットカード　利用可能店,その他サービス業,6,3183.5
沖縄県小計,固定店舗,クレジットカード　利用可能店,小売業,6,3663.153846153846
沖縄県小計,固定店舗,クレジットカード　利用可能店,飲食業,6,2510.230769230769
沖縄県小計,固定店舗,合計,その他サービス業,6,3642.8076923076924
沖縄県小計,固定店舗,合計,小売業,6,4234.692307692308
沖縄県小計,固定店舗,合計,飲食業,6,2898.423076923077
沖縄県小計,移動販売等（タクシー、屋台など）,QRコード　利用可能店,合計,6,368.6923076923077
沖縄県小計,移動販売等（タクシー、屋台など）,その他電子マネー等　利用可能店,合計,6,195.42307692307693
沖縄県小計,移動販売等（タクシー、屋台など）,クレジットカード　利用可能店,合計,6,407.5769230769231
沖縄県小計,移動販売等（タクシー、屋台など）,合計,合計,6,695.9615384615385
沖縄県小計,通信販売,QRコード　利用可能店,合計,6,10.538461538461538
沖縄県小計,通信販売,その他電子マネー等　利用可能店,合計,6,432.5
沖縄県小計,通信販売,クレジットカード　利用可能店,合計,6,316.2307692307692
沖縄県小計,通信販売,合計,合計,6,728.8076923076923
滋賀県小計,合計,QRコード　利用可能店,合計,6,3944.8846153846152
滋賀県小計,合計,その他電子マネー等　利用可能店,合計,6,3837.4615384615386
滋賀県小計,合計,クレジットカード　利用可能店,合計,6,6873.153846153846
滋賀県小計,合計,合計,合計,6,9088.153846153846
滋賀県小計,固定店舗,QRコード　利用可能店,その他サービス業,6,1099.423076923077
滋賀県小計,固定店舗,QRコード　利用可能店,小売業,6,1936.6153846153845
滋賀県小計,固定店舗,QRコード　利用可能店,飲食業,6,695.2692307692307
滋賀県小計,固定店舗,その他電子マネー等　利用可能店,その他サービス業,6,932.8846153846154
滋賀県小計,固定店舗,その他電子マネー等　利用可能店,小売業,6,1653.7692307692307
滋賀県小計,固定店舗,その他電子マネー等　利用可能店,飲食業,6,613.6153846153846
滋賀県小計,固定店舗,クレジットカード　利用可能店,その他サービス業,6,1817.5384615384614
滋賀県小計,固定店舗,クレジットカード　利用可能店,小売業,6,3191.0
滋賀県小計,固定店舗,クレジットカード　利用可能店,飲食業,6,1201.576923076923
滋賀県小計,固定店舗,合計,その他サービス業,6,2337.6153846153848
滋賀県小計,固定店舗,合計,小売業,6,3849.3076923076924
滋賀県小計,固定店舗,合計,飲食業,6,1564.0
滋賀県小計,移動販売等（タクシー、屋台など）,QRコード　利用可能店,合計,6,187.26923076923077
滋賀県小計,移動販売等（タクシー、屋台など）,その他電子マネー等　利用可能店,合計,6,70.15384615384616
滋賀県小計,移動販売等（タクシー、屋台など）,クレジットカード　利用可能店,合計,6,111.73076923076923
滋賀県小計,移動販売等（タクシー、屋台など）,合計,合計,6,250.96153846153845
滋賀県小計,通信販売,QRコード　利用可能店,合計,6,26.307692307692307
滋賀県小計,通信販売,その他電子マネー等　利用可能店,合計,6,567.0384615384615
滋賀県小計,通信販売,クレジットカード　利用可能店,合計,6,551.3076923076923
滋賀県小計,通信販売,合計,合計,6,1086.2692307692307
熊本県小計,合計,QRコード　利用可能店,合計,6,5320.0
熊本県小計,合計,その他電子マネー等　利用可能店,合計,6,5723.846153846154
熊本県小計,合計,クレジットカード　利用可能店,合計,6,9995.807692307691
熊本県小計,合計,合計,合計,6,12867.846153846154
熊本県小計,固定店舗,QRコード　利用可能店,その他サービス業,6,1297.1153846153845
熊本県小計,固定店舗,QRコード　利用可能店,小売業,6,2475.576923076923
熊本県小計,固定店舗,QRコード　利用可能店,飲食業,6,1092.923076923077
熊本県小計,固定店舗,その他電子マネー等　利用可能店,その他サービス業,6,1277.1923076923076
熊本県小計,固定店舗,その他電子マネー等　利用可能店,小売業,6,2904.0384615384614
熊本県小計,固定店舗,その他電子マネー等　利用可能店,飲食業,6,920.0384615384615
熊本県小計,固定店舗,クレジットカード　利用可能店,その他サービス業,6,2265.3076923076924
熊本県小計,固定店舗,クレジットカード　利用可能店,小売業,6,5328.423076923077
熊本県小計,固定店舗,クレジットカード　利用可能店,飲食業,6,1534.6153846153845
熊本県小計,固定店舗,合計,その他サービス業,6,2885.423076923077
熊本県小計,固定店舗,合計,小売業,6,6179.307692307692
熊本県小計,固定店舗,合計,飲食業,6,2106.3076923076924
熊本県小計,移動販売等（タクシー、屋台など）,QRコード　利用可能店,合計,6,431.65384615384613
熊本県小計,移動販売等（タクシー、屋台など）,その他電子マネー等　利用可能店,合計,6,99.03846153846153
熊本県小計,移動販売等（タクシー、屋台など）,クレジットカード　利用可能店,合計,6,211.07692307692307
熊本県小計,移動販売等（タクシー、屋台など）,合計,合計,6,554.6923076923077
熊本県小計,通信販売,QRコード　利用可能店,合計,6,22.73076923076923
熊本県小計,通信販売,その他電子マネー等　利用可能店,合計,6,523.5384615384615
熊本県小計,通信販売,クレジットカード　利用可能店,合計,6,656.3846153846154
熊本県小計,通信販売,合計,合計,6,1142.1153846153845
石川県小計,合計,QRコード　利用可能店,合計,6,4885.961538461538
石川県小計,合計,その他電子マネー等　利用可能店,合計,6,4470.153846153846
石川県小計,合計,クレジットカード　利用可能店,合計,6,9892.961538461539
石川県小計,合計,合計,合計,6,12583.076923076924
石川県小計,固定店舗,QRコード　利用可能店,その他サービス業,6,1362.3076923076924
石川県小計,固定店舗,QRコード　利用可能店,小売業,6,2185.346153846154
石川県小計,固定店舗,QRコード　利用可能店,飲食業,6,978.1538461538462
石川県小計,固定店舗,その他電子マネー等　利用可能店,その他サービス業,6,1071.8846153846155
石川県小計,固定店舗,その他電子マネー等　利用可能店,小売業,6,1986.8461538461538
石川県小計,固定店舗,その他電子マネー等　利用可能店,飲食業,6,861.7307692307693
石川県小計,固定店舗,クレジットカード　利用可能店,その他サービス業,6,2534.4615384615386
石川県小計,固定店舗,クレジットカード　利用可能店,小売業,6,4657.807692307692
石川県小計,固定店舗,クレジットカード　利用可能店,飲食業,6,1986.3846153846155
石川県小計,固定店舗,合計,その他サービス業,6,3200.0
石川県小計,固定店舗,合計,小売業,6,5460.653846153846
石川県小計,固定店舗,合計,飲食業,6,2503.230769230769
石川県小計,移動販売等（タクシー、屋台など）,QRコード　利用可能店,合計,6,323.7692307692308
石川県小計,移動販売等（タクシー、屋台など）,その他電子マネー等　利用可能店,合計,6,81.23076923076923
石川県小計,移動販売等（タクシー、屋台など）,クレジットカード　利用可能店,合計,6,182.8846153846154
石川県小計,移動販売等（タクシー、屋台など）,合計,合計,6,460.53846153846155
石川県小計,通信販売,QRコード　利用可能店,合計,6,36.38461538461539
石川県小計,通信販売,その他電子マネー等　利用可能店,合計,6,468.46153846153845
石川県小計,通信販売,クレジットカード　利用可能店,合計,6,531.4230769230769
石川県小計,通信販売,合計,合計,6,958.6538461538462
神奈川県小計,合計,QRコード　利用可能店,合計,6,19057.69230769231
神奈川県小計,合計,その他電子マネー等　利用可能店,合計,6,22159.153846153848
神奈川県小計,合計,クレジットカード　利用可能店,合計,6,36796.230769230766
神奈川県小計,合計,合計,合計,6,48111.153846153844
神奈川県小計,固定店舗,QRコード　利用可能店,その他サービス業,6,5474.538461538462
神奈川県小計,固定店舗,QRコード　利用可能店,小売業,6,8407.76923076923
神奈川県小計,固定店舗,QRコード　利用可能店,飲食業,6,4087.423076923077
神奈川県小計,固定店舗,その他電子マネー等　利用可能店,その他サービス業,6,5432.576923076923
神奈川県小計,固定店舗,その他電子マネー等　利用可能店,小売業,6,8331.038461538461
神奈川県小計,固定店舗,その他電子マネー等　利用可能店,飲食業,6,3692.269230769231
神奈川県小計,固定店舗,クレジットカード　利用可能店,その他サービス業,6,10760.5
神奈川県小計,固定店舗,クレジットカード　利用可能店,小売業,6,14204.346153846154
神奈川県小計,固定店舗,クレジットカード　利用可能店,飲食業,6,6696.2307692307695
神奈川県小計,固定店舗,合計,その他サービス業,6,13239.461538461539
神奈川県小計,固定店舗,合計,小売業,6,16993.96153846154
神奈川県小計,固定店舗,合計,飲食業,6,9004.26923076923
神奈川県小計,移動販売等（タクシー、屋台など）,QRコード　利用可能店,合計,6,996.1923076923077
神奈川県小計,移動販売等（タクシー、屋台など）,その他電子マネー等　利用可能店,合計,6,1387.8461538461538
神奈川県小計,移動販売等（タクシー、屋台など）,クレジットカード　利用可能店,合計,6,2481.230769230769
神奈川県小計,移動販売等（タクシー、屋台など）,合計,合計,6,3038.3846153846152
神奈川県小計,通信販売,QRコード　利用可能店,合計,6,91.76923076923077
神奈川県小計,通信販売,その他電子マネー等　利用可能店,合計,6,3315.423076923077
神奈川県小計,通信販売,クレジットカード　利用可能店,合計,6,2653.923076923077
神奈川県小計,通信販売,合計,合計,6,5835.076923076923
福井県小計,合計,QRコード　利用可能店,合計,6,3096.0
福井県小計,合計,その他電子マネー等　利用可能店,合計,6,3470.269230769231
福井県小計,合計,クレジットカード　利用可能店,合計,6,5483.692307692308
福井県小計,合計,合計,合計,6,7337.076923076923
福井県小計,固定店舗,QRコード　利用可能店,その他サービス業,6,754.8846153846154
福井県小計,固定店舗,QRコード　利用可能店,小売業,6,1691.1538461538462
福井県小計,固定店舗,QRコード　利用可能店,飲食業,6,534.6923076923077
福井県小計,固定店舗,その他電子マネー等　利用可能店,その他サービス業,6,618.8461538461538
福井県小計,固定店舗,その他電子マネー等　利用可能店,小売業,6,1698.6923076923076
福井県小計,固定店舗,その他電子マネー等　利用可能店,飲食業,6,588.6923076923077
福井県小計,固定店舗,クレジットカード　利用可能店,その他サービス業,6,1130.2692307692307
福井県小計,固定店舗,クレジットカード　利用可能店,小売業,6,2755.576923076923
福井県小計,固定店舗,クレジットカード　利用可能店,飲食業,6,930.0384615384615
福井県小計,固定店舗,合計,その他サービス業,6,1500.1153846153845
福井県小計,固定店舗,合計,小売業,6,3359.653846153846
福井県小計,固定店舗,合計,飲食業,6,1274.4615384615386
福井県小計,移動販売等（タクシー、屋台など）,QRコード　利用可能店,合計,6,65.88461538461539
福井県小計,移動販売等（タクシー、屋台など）,その他電子マネー等　利用可能店,合計,6,28.26923076923077
福井県小計,移動販売等（タクシー、屋台など）,クレジットカード　利用可能店,合計,6,68.73076923076923
福井県小計,移動販売等（タクシー、屋台など）,合計,合計,6,115.46153846153847
福井県小計,通信販売,QRコード　利用可能店,合計,6,49.38461538461539
福井県小計,通信販売,その他電子マネー等　利用可能店,合計,6,535.7692307692307
福井県小計,通信販売,クレジットカード　利用可能店,合計,6,599.0769230769231
福井県小計,通信販売,合計,合計,6,1087.3846153846155
福岡県小計,合計,QRコード　利用可能店,合計,6,19172.884615384617
福岡県小計,合計,その他電子マネー等　利用可能店,合計,6,16531.423076923078
福岡県小計,合計,クレジットカード　利用可能店,合計,6,28763.0
福岡県小計,合計,合計,合計,6,41252.653846153844
福岡県小計,固定店舗,QRコード　利用可能店,その他サービス業,6,5605.038461538462
福岡県小計,固定店舗,QRコード　利用可能店,小売業,6,7828.0
福岡県小計,固定店舗,QRコード　利用可能店,飲食業,6,4236.0
福岡県小計,固定店舗,その他電子マネー等　利用可能店,その他サービス業,6,3479.230769230769
福岡県小計,固定店舗,その他電子マネー等　利用可能店,小売業,6,7134.346153846154
福岡県小計,固定店舗,その他電子マネー等　利用可能店,飲食業,6,2911.269230769231
福岡県小計,固定店舗,クレジットカード　利用可能店,その他サービス業,6,6698.846153846154
福岡県小計,固定店舗,クレジットカード　利用可能店,小売業,6,13479.76923076923
福岡県小計,固定店舗,クレジットカード　利用可能店,飲食業,6,5241.423076923077
福岡県小計,固定店舗,合計,その他サービス業,6,10124.76923076923
福岡県小計,固定店舗,合計,小売業,6,16741.26923076923
福岡県小計,固定店舗,合計,飲食業,6,7558.692307692308
福岡県小計,移動販売等（タクシー、屋台など）,QRコード　利用可能店,合計,6,1113.6923076923076
福岡県小計,移動販売等（タクシー、屋台など）,その他電子マネー等　利用可能店,合計,6,481.8076923076923
福岡県小計,移動販売等（タクシー、屋台など）,クレジットカード　利用可能店,合計,6,985.6153846153846
福岡県小計,移動販売等（タクシー、屋台など）,合計,合計,6,1773.0
福岡県小計,通信販売,QRコード　利用可能店,合計,6,390.15384615384613
福岡県小計,通信販売,その他電子マネー等　利用可能店,合計,6,2524.769230769231
福岡県小計,通信販売,クレジットカード　利用可能店,合計,6,2357.346153846154
福岡県小計,通信販売,合計,合計,6,5054.923076923077
福島県小計,合計,QRコード　利用可能店,合計,6,5208.576923076923
福島県小計,合計,その他電子マネー等　利用可能店,合計,6,5228.7692307692305
福島県小計,合計,クレジットカード　利用可能店,合計,6,8461.192307692309
福島県小計,合計,合計,合計,6,11255.846153846154
福島県小計,固定店舗,QRコード　利用可能店,その他サービス業,6,1381.1923076923076
福島県小計,固定店舗,QRコード　利用可能店,小売業,6,2689.5384615384614
福島県小計,固定店舗,QRコード　利用可能店,飲食業,6,826.3461538461538
福島県小計,固定店舗,その他電子マネー等　利用可能店,その他サービス業,6,1197.9615384615386
福島県小計,固定店舗,その他電子マネー等　利用可能店,小売業,6,2715.846153846154
福島県小計,固定店舗,その他電子マネー等　利用可能店,飲食業,6,764.1923076923077
福島県小計,固定店舗,クレジットカード　利用可能店,その他サービス業,6,1931.576923076923
福島県小計,固定店舗,クレジットカード　利用可能店,小売業,6,4739.192307692308
福島県小計,固定店舗,クレジットカード　利用可能店,飲食業,6,1185.923076923077
福島県小計,固定店舗,合計,その他サービス業,6,2649.730769230769
福島県小計,固定店舗,合計,小売業,6,5726.884615384615
福島県小計,固定店舗,合計,飲食業,6,1616.1538461538462
福島県小計,移動販売等（タクシー、屋台など）,QRコード　利用可能店,合計,6,272.6923076923077
福島県小計,移動販売等（タクシー、屋台など）,その他電子マネー等　利用可能店,合計,6,87.84615384615384
福島県小計,移動販売等（タクシー、屋台など）,クレジットカード　利用可能店,合計,6,160.19230769230768
福島県小計,移動販売等（タクシー、屋台など）,合計,合計,6,388.15384615384613
福島県小計,通信販売,QRコード　利用可能店,合計,6,38.80769230769231
福島県小計,通信販売,その他電子マネー等　利用可能店,合計,6,462.9230769230769
福島県小計,通信販売,クレジットカード　利用可能店,合計,6,444.3076923076923
福島県小計,通信販売,合計,合計,6,874.9230769230769
秋田県小計,合計,QRコード　利用可能店,合計,6,2682.346153846154
秋田県小計,合計,その他電子マネー等　利用可能店,合計,6,2667.076923076923
秋田県小計,合計,クレジットカード　利用可能店,合計,6,4650.0
秋田県小計,合計,合計,合計,6,6174.0
秋田県小計,固定店舗,QRコード　利用可能店,その他サービス業,6,641.9230769230769
秋田県小計,固定店舗,QRコード　利用可能店,小売業,6,1309.8076923076924
秋田県小計,固定店舗,QRコード　利用可能店,飲食業,6,485.0769230769231
秋田県小計,固定店舗,その他電子マネー等　利用可能店,その他サービス業,6,597.4230769230769
秋田県小計,固定店舗,その他電子マネー等　利用可能店,小売業,6,1379.2692307692307
秋田県小計,固定店舗,その他電子マネー等　利用可能店,飲食業,6,412.53846153846155
秋田県小計,固定店舗,クレジットカード　利用可能店,その他サービス業,6,1120.3846153846155
秋田県小計,固定店舗,クレジットカード　利用可能店,小売業,6,2529.346153846154
秋田県小計,固定店舗,クレジットカード　利用可能店,飲食業,6,690.9615384615385
秋田県小計,固定店舗,合計,その他サービス業,6,1456.2692307692307
秋田県小計,固定店舗,合計,小売業,6,3010.846153846154
秋田県小計,固定店舗,合計,飲食業,6,981.0384615384615
秋田県小計,移動販売等（タクシー、屋台など）,QRコード　利用可能店,合計,6,220.42307692307693
秋田県小計,移動販売等（タクシー、屋台など）,その他電子マネー等　利用可能店,合計,6,49.19230769230769
秋田県小計,移動販売等（タクシー、屋台など）,クレジットカード　利用可能店,合計,6,77.65384615384616
秋田県小計,移動販売等（タクシー、屋台など）,合計,合計,6,276.0
秋田県小計,通信販売,QRコード　利用可能店,合計,6,25.115384615384617
秋田県小計,通信販売,その他電子マネー等　利用可能店,合計,6,228.65384615384616
秋田県小計,通信販売,クレジットカード　利用可能店,合計,6,231.65384615384616
秋田県小計,通信販売,合計,合計,6,449.84615384615387
群馬県小計,合計,QRコード　利用可能店,合計,6,4940.884615384615
群馬県小計,合計,その他電子マネー等　利用可能店,合計,6,4981.346153846154
群馬県小計,合計,クレジットカード　利用可能店,合計,6,8633.538461538461
群馬県小計,合計,合計,合計,6,11409.461538461539
群馬県小計,固定店舗,QRコード　利用可能店,その他サービス業,6,1373.076923076923
群馬県小計,固定店舗,QRコード　利用可能店,小売業,6,2467.1923076923076
群馬県小計,固定店舗,QRコード　利用可能店,飲食業,6,888.7692307692307
群馬県小計,固定店舗,その他電子マネー等　利用可能店,その他サービス業,6,1378.3461538461538
群馬県小計,固定店舗,その他電子マネー等　利用可能店,小売業,6,2134.076923076923
群馬県小計,固定店舗,その他電子マネー等　利用可能店,飲食業,6,713.5769230769231
群馬県小計,固定店舗,クレジットカード　利用可能店,その他サービス業,6,2390.8846153846152
群馬県小計,固定店舗,クレジットカード　利用可能店,小売業,6,4203.2307692307695
群馬県小計,固定店舗,クレジットカード　利用可能店,飲食業,6,1323.2307692307693
群馬県小計,固定店舗,合計,その他サービス業,6,3102.153846153846
群馬県小計,固定店舗,合計,小売業,6,5011.692307692308
群馬県小計,固定店舗,合計,飲食業,6,1807.3846153846155
群馬県小計,移動販売等（タクシー、屋台など）,QRコード　利用可能店,合計,6,176.80769230769232
群馬県小計,移動販売等（タクシー、屋台など）,その他電子マネー等　利用可能店,合計,6,72.34615384615384
群馬県小計,移動販売等（タクシー、屋台など）,クレジットカード　利用可能店,合計,6,112.5
群馬県小計,移動販売等（タクシー、屋台など）,合計,合計,6,246.3846153846154
群馬県小計,通信販売,QRコード　利用可能店,合計,6,35.03846153846154
群馬県小計,通信販売,その他電子マネー等　利用可能店,合計,6,683.0
群馬県小計,通信販売,クレジットカード　利用可能店,合計,6,603.6923076923077
群馬県小計,通信販売,合計,合計,6,1241.8461538461538
茨城県小計,合計,QRコード　利用可能店,合計,6,6089.2692307692305
茨城県小計,合計,その他電子マネー等　利用可能店,合計,6,5947.961538461538
茨城県小計,合計,クレジットカード　利用可能店,合計,6,10679.115384615385
茨城県小計,合計,合計,合計,6,13795.76923076923
茨城県小計,固定店舗,QRコード　利用可能店,その他サービス業,6,1464.9615384615386
茨城県小計,固定店舗,QRコード　利用可能店,小売業,6,3182.846153846154
茨城県小計,固定店舗,QRコード　利用可能店,飲食業,6,1048.7307692307693
茨城県小計,固定店舗,その他電子マネー等　利用可能店,その他サービス業,6,1287.8461538461538
茨城県小計,固定店舗,その他電子マネー等　利用可能店,小売業,6,2885.0384615384614
茨城県小計,固定店舗,その他電子マネー等　利用可能店,飲食業,6,943.3076923076923
茨城県小計,固定店舗,クレジットカード　利用可能店,その他サービス業,6,2557.769230769231
茨城県小計,固定店舗,クレジットカード　利用可能店,小売業,6,5737.884615384615
茨城県小計,固定店舗,クレジットカード　利用可能店,飲食業,6,1597.0384615384614
茨城県小計,固定店舗,合計,その他サービス業,6,3252.846153846154
茨城県小計,固定店舗,合計,小売業,6,6658.192307692308
茨城県小計,固定店舗,合計,飲食業,6,2140.0
茨城県小計,移動販売等（タクシー、屋台など）,QRコード　利用可能店,合計,6,353.61538461538464
茨城県小計,移動販売等（タクシー、屋台など）,その他電子マネー等　利用可能店,合計,6,119.84615384615384
茨城県小計,移動販売等（タクシー、屋台など）,クレジットカード　利用可能店,合計,6,234.42307692307693
茨城県小計,移動販売等（タクシー、屋台など）,合計,合計,6,515.6153846153846
茨城県小計,通信販売,QRコード　利用可能店,合計,6,39.11538461538461
茨城県小計,通信販売,その他電子マネー等　利用可能店,合計,6,711.9230769230769
茨城県小計,通信販売,クレジットカード　利用可能店,合計,6,552.0
茨城県小計,通信販売,合計,合計,6,1229.1153846153845
長崎県小計,合計,QRコード　利用可能店,合計,6,4361.461538461538
長崎県小計,合計,その他電子マネー等　利用可能店,合計,6,3729.846153846154
長崎県小計,合計,クレジットカード　利用可能店,合計,6,7153.7307692307695
長崎県小計,合計,合計,合計,6,9317.26923076923
長崎県小計,固定店舗,QRコード　利用可能店,その他サービス業,6,1048.3846153846155
長崎県小計,固定店舗,QRコード　利用可能店,小売業,6,1995.0
長崎県小計,固定店舗,QRコード　利用可能店,飲食業,6,842.7307692307693
長崎県小計,固定店舗,その他電子マネー等　利用可能店,その他サービス業,6,805.6538461538462
長崎県小計,固定店舗,その他電子マネー等　利用可能店,小売業,6,1967.1153846153845
長崎県小計,固定店舗,その他電子マネー等　利用可能店,飲食業,6,593.3461538461538
長崎県小計,固定店舗,クレジットカード　利用可能店,その他サービス業,6,1510.3076923076924
長崎県小計,固定店舗,クレジットカード　利用可能店,小売業,6,3845.153846153846
長崎県小計,固定店舗,クレジットカード　利用可能店,飲食業,6,1034.076923076923
長崎県小計,固定店舗,合計,その他サービス業,6,2006.0384615384614
長崎県小計,固定店舗,合計,小売業,6,4566.884615384615
長崎県小計,固定店舗,合計,飲食業,6,1480.576923076923
長崎県小計,移動販売等（タクシー、屋台など）,QRコード　利用可能店,合計,6,455.15384615384613
長崎県小計,移動販売等（タクシー、屋台など）,その他電子マネー等　利用可能店,合計,6,62.65384615384615
長崎県小計,移動販売等（タクシー、屋台など）,クレジットカード　利用可能店,合計,6,424.61538461538464
長崎県小計,移動販売等（タクシー、屋台など）,合計,合計,6,640.0
長崎県小計,通信販売,QRコード　利用可能店,合計,6,20.192307692307693
長崎県小計,通信販売,その他電子マネー等　利用可能店,合計,6,301.0769230769231
長崎県小計,通信販売,クレジットカード　利用可能店,合計,6,339.5769230769231
長崎県小計,通信販売,合計,合計,6,623.7692307692307
長野県小計,合計,QRコード　利用可能店,合計,6,8055.961538461538
長野県小計,合計,その他電子マネー等　利用可能店,合計,6,6968.0
長野県小計,合計,クレジットカード　利用可能店,合計,6,12843.576923076924
長野県小計,合計,合計,合計,6,17629.19230769231
長野県小計,固定店舗,QRコード　利用可能店,その他サービス業,6,2423.653846153846
長野県小計,固定店舗,QRコード　利用可能店,小売業,6,3298.4615384615386
長野県小計,固定店舗,QRコード　利用可能店,飲食業,6,1418.2692307692307
長野県小計,固定店舗,その他電子マネー等　利用可能店,その他サービス業,6,1821.076923076923
長野県小計,固定店舗,その他電子マネー等　利用可能店,小売業,6,3022.423076923077
長野県小計,固定店舗,その他電子マネー等　利用可能店,飲食業,6,1117.5
長野県小計,固定店舗,クレジットカード　利用可能店,その他サービス業,6,3530.6153846153848
長野県小計,固定店舗,クレジットカード　利用可能店,小売業,6,6332.307692307692
長野県小計,固定店舗,クレジットカード　利用可能店,飲食業,6,1956.8846153846155
長野県小計,固定店舗,合計,その他サービス業,6,4861.5
長野県小計,固定店舗,合計,小売業,6,7499.038461538462
長野県小計,固定店舗,合計,飲食業,6,2674.3076923076924
長野県小計,移動販売等（タクシー、屋台など）,QRコード　利用可能店,合計,6,550.9615384615385
長野県小計,移動販売等（タクシー、屋台など）,その他電子マネー等　利用可能店,合計,6,160.80769230769232
長野県小計,移動販売等（タクシー、屋台など）,クレジットカード　利用可能店,合計,6,294.2307692307692
長野県小計,移動販売等（タクシー、屋台など）,合計,合計,6,759.8846153846154
長野県小計,通信販売,QRコード　利用可能店,合計,6,364.61538461538464
長野県小計,通信販売,その他電子マネー等　利用可能店,合計,6,846.1923076923077
長野県小計,通信販売,クレジットカード　利用可能店,合計,6,729.5384615384615
長野県小計,通信販売,合計,合計,6,1834.4615384615386
青森県小計,合計,QRコード　利用可能店,合計,6,3754.8846153846152
青森県小計,合計,その他電子マネー等　利用可能店,合計,6,3057.230769230769
青森県小計,合計,クレジットカード　利用可能店,合計,6,5529.076923076923
青森県小計,合計,合計,合計,6,7736.153846153846
青森県小計,固定店舗,QRコード　利用可能店,その他サービス業,6,909.8846153846154
青森県小計,固定店舗,QRコード　利用可能店,小売業,6,1740.6153846153845
青森県小計,固定店舗,QRコード　利用可能店,飲食業,6,611.8846153846154
青森県小計,固定店舗,その他電子マネー等　利用可能店,その他サービス業,6,573.3461538461538
青森県小計,固定店舗,その他電子マネー等　利用可能店,小売業,6,1702.7692307692307
青森県小計,固定店舗,その他電子マネー等　利用可能店,飲食業,6,417.0769230769231
青森県小計,固定店舗,クレジットカード　利用可能店,その他サービス業,6,1180.0384615384614
青森県小計,固定店舗,クレジットカード　利用可能店,小売業,6,3188.346153846154
青森県小計,固定店舗,クレジットカード　利用可能店,飲食業,6,703.7692307692307
青森県小計,固定店舗,合計,その他サービス業,6,1719.6923076923076
青森県小計,固定店舗,合計,小売業,6,3832.1923076923076
青森県小計,固定店舗,合計,飲食業,6,1056.2692307692307
青森県小計,移動販売等（タクシー、屋台など）,QRコード　利用可能店,合計,6,411.46153846153845
青森県小計,移動販売等（タクシー、屋台など）,その他電子マネー等　利用可能店,合計,6,89.53846153846153
青森県小計,移動販売等（タクシー、屋台など）,クレジットカード　利用可能店,合計,6,153.84615384615384
青森県小計,移動販売等（タクシー、屋台など）,合計,合計,6,506.6923076923077
青森県小計,通信販売,QRコード　利用可能店,合計,6,81.03846153846153
青森県小計,通信販売,その他電子マネー等　利用可能店,合計,6,274.5
青森県小計,通信販売,クレジットカード　利用可能店,合計,6,303.0769230769231
青森県小計,通信販売,合計,合計,6,621.3076923076923
静岡県小計,合計,QRコード　利用可能店,合計,6,13270.538461538461
静岡県小計,合計,その他電子マネー等　利用可能店,合計,6,10881.307692307691
静岡県小計,合計,クレジットカード　利用可能店,合計,6,18046.26923076923
静岡県小計,合計,合計,合計,6,26071.96153846154
静岡県小計,固定店舗,QRコード　利用可能店,その他サービス業,6,3493.730769230769
静岡県小計,固定店舗,QRコード　利用可能店,小売業,6,5990.7307692307695
静岡県小計,固定店舗,QRコード　利用可能店,飲食業,6,2516.653846153846
静岡県小計,固定店舗,その他電子マネー等　利用可能店,その他サービス業,6,2792.6923076923076
静岡県小計,固定店舗,その他電子マネー等　利用可能店,小売業,6,4833.961538461538
静岡県小計,固定店舗,その他電子マネー等　利用可能店,飲食業,6,1626.3076923076924
静岡県小計,固定店舗,クレジットカード　利用可能店,その他サービス業,6,4955.5
静岡県小計,固定店舗,クレジットカード　利用可能店,小売業,6,8592.76923076923
静岡県小計,固定店舗,クレジットカード　利用可能店,飲食業,6,2780.153846153846
静岡県小計,固定店舗,合計,その他サービス業,6,6805.153846153846
静岡県小計,固定店舗,合計,小売業,6,10924.76923076923
静岡県小計,固定店舗,合計,飲食業,6,4164.807692307692
静岡県小計,移動販売等（タクシー、屋台など）,QRコード　利用可能店,合計,6,1187.8846153846155
静岡県小計,移動販売等（タクシー、屋台など）,その他電子マネー等　利用可能店,合計,6,162.5
静岡県小計,移動販売等（タクシー、屋台など）,クレジットカード　利用可能店,合計,6,377.4230769230769
静岡県小計,移動販売等（タクシー、屋台など）,合計,合計,6,1460.1923076923076
静岡県小計,通信販売,QRコード　利用可能店,合計,6,81.53846153846153
静岡県小計,通信販売,その他電子マネー等　利用可能店,合計,6,1465.8461538461538
静岡県小計,通信販売,クレジットカード　利用可能店,合計,6,1340.423076923077
静岡県小計,通信販売,合計,合計,6,2717.0384615384614
香川県小計,合計,QRコード　利用可能店,合計,6,3866.5384615384614
香川県小計,合計,その他電子マネー等　利用可能店,合計,6,3235.5384615384614
香川県小計,合計,クレジットカード　利用可能店,合計,6,5541.384615384615
香川県小計,合計,合計,合計,6,7947.961538461538
香川県小計,固定店舗,QRコード　利用可能店,その他サービス業,6,1105.6153846153845
香川県小計,固定店舗,QRコード　利用可能店,小売業,6,1738.8461538461538
香川県小計,固定店舗,QRコード　利用可能店,飲食業,6,828.3846153846154
香川県小計,固定店舗,その他電子マネー等　利用可能店,その他サービス業,6,786.6538461538462
香川県小計,固定店舗,その他電子マネー等　利用可能店,小売業,6,1435.0384615384614
香川県小計,固定店舗,その他電子マネー等　利用可能店,飲食業,6,507.4230769230769
香川県小計,固定店舗,クレジットカード　利用可能店,その他サービス業,6,1373.7692307692307
香川県小計,固定店舗,クレジットカード　利用可能店,小売業,6,2684.8076923076924
香川県小計,固定店舗,クレジットカード　利用可能店,飲食業,6,881.7692307692307
香川県小計,固定店舗,合計,その他サービス業,6,1991.2307692307693
香川県小計,固定店舗,合計,小売業,6,3442.0384615384614
香川県小計,固定店舗,合計,飲食業,6,1417.4615384615386
香川県小計,移動販売等（タクシー、屋台など）,QRコード　利用可能店,合計,6,151.96153846153845
香川県小計,移動販売等（タクシー、屋台など）,その他電子マネー等　利用可能店,合計,6,79.03846153846153
香川県小計,移動販売等（タクシー、屋台など）,クレジットカード　利用可能店,合計,6,127.03846153846153
香川県小計,移動販売等（タクシー、屋台など）,合計,合計,6,244.8846153846154
香川県小計,通信販売,QRコード　利用可能店,合計,6,41.73076923076923
香川県小計,通信販売,その他電子マネー等　利用可能店,合計,6,427.38461538461536
香川県小計,通信販売,クレジットカード　利用可能店,合計,6,474.0
香川県小計,通信販売,合計,合計,6,852.3461538461538
高知県小計,合計,QRコード　利用可能店,合計,6,2564.1923076923076
高知県小計,合計,その他電子マネー等　利用可能店,合計,6,2218.769230769231
高知県小計,合計,クレジットカード　利用可能店,合計,6,3764.6923076923076
高知県小計,合計,合計,合計,6,5432.538461538462
高知県小計,固定店舗,QRコード　利用可能店,その他サービス業,6,528.5769230769231
高知県小計,固定店舗,QRコード　利用可能店,小売業,6,1190.0384615384614
高知県小計,固定店舗,QRコード　利用可能店,飲食業,6,535.4615384615385
高知県小計,固定店舗,その他電子マネー等　利用可能店,その他サービス業,6,479.38461538461536
高知県小計,固定店舗,その他電子マネー等　利用可能店,小売業,6,1060.8076923076924
高知県小計,固定店舗,その他電子マネー等　利用可能店,飲食業,6,363.7692307692308
高知県小計,固定店舗,クレジットカード　利用可能店,その他サービス業,6,774.5384615384615
高知県小計,固定店舗,クレジットカード　利用可能店,小売業,6,2036.0
高知県小計,固定店舗,クレジットカード　利用可能店,飲食業,6,539.1153846153846
高知県小計,固定店舗,合計,その他サービス業,6,1062.0
高知県小計,固定店舗,合計,小売業,6,2562.6923076923076
高知県小計,固定店舗,合計,飲食業,6,887.5384615384615
高知県小計,移動販売等（タクシー、屋台など）,QRコード　利用可能店,合計,6,288.46153846153845
高知県小計,移動販売等（タクシー、屋台など）,その他電子マネー等　利用可能店,合計,6,41.03846153846154
高知県小計,移動販売等（タクシー、屋台など）,クレジットカード　利用可能店,合計,6,75.53846153846153
高知県小計,移動販売等（タクシー、屋台など）,合計,合計,6,333.84615384615387
高知県小計,通信販売,QRコード　利用可能店,合計,6,21.653846153846153
高知県小計,通信販売,その他電子マネー等　利用可能店,合計,6,273.7692307692308
高知県小計,通信販売,クレジットカード　利用可能店,合計,6,339.5
高知県小計,通信販売,合計,合計,6,586.4615384615385
鳥取県小計,合計,QRコード　利用可能店,合計,6,2573.8846153846152
鳥取県小計,合計,その他電子マネー等　利用可能店,合計,6,2003.0
鳥取県小計,合計,クレジットカード　利用可能店,合計,6,3604.576923076923
鳥取県小計,合計,合計,合計,6,5116.346153846154
鳥取県小計,固定店舗,QRコード　利用可能店,その他サービス業,6,693.1538461538462
鳥取県小計,固定店舗,QRコード　利用可能店,小売業,6,1163.1153846153845
鳥取県小計,固定店舗,QRコード　利用可能店,飲食業,6,577.2307692307693
鳥取県小計,固定店舗,その他電子マネー等　利用可能店,その他サービス業,6,454.6923076923077
鳥取県小計,固定店舗,その他電子マネー等　利用可能店,小売業,6,1081.6153846153845
鳥取県小計,固定店舗,その他電子マネー等　利用可能店,飲食業,6,278.61538461538464
鳥取県小計,固定店舗,クレジットカード　利用可能店,その他サービス業,6,887.8846153846154
鳥取県小計,固定店舗,クレジットカード　利用可能店,小売業,6,1959.2307692307693
鳥取県小計,固定店舗,クレジットカード　利用可能店,飲食業,6,513.5
鳥取県小計,固定店舗,合計,その他サービス業,6,1328.576923076923
鳥取県小計,固定店舗,合計,小売業,6,2406.846153846154
鳥取県小計,固定店舗,合計,飲食業,6,885.0384615384615
鳥取県小計,移動販売等（タクシー、屋台など）,QRコード　利用可能店,合計,6,123.61538461538461
鳥取県小計,移動販売等（タクシー、屋台など）,その他電子マネー等　利用可能店,合計,6,25.73076923076923
鳥取県小計,移動販売等（タクシー、屋台など）,クレジットカード　利用可能店,合計,6,51.30769230769231
鳥取県小計,移動販売等（タクシー、屋台など）,合計,合計,6,157.96153846153845
鳥取県小計,通信販売,QRコード　利用可能店,合計,6,16.76923076923077
鳥取県小計,通信販売,その他電子マネー等　利用可能店,合計,6,162.34615384615384
鳥取県小計,通信販売,クレジットカード　利用可能店,合計,6,192.65384615384616
鳥取県小計,通信販売,合計,合計,6,337.9230769230769
鹿児島県小計,合計,QRコード　利用可能店,合計,6,6408.038461538462
鹿児島県小計,合計,その他電子マネー等　利用可能店,合計,6,5141.153846153846
鹿児島県小計,合計,クレジットカード　利用可能店,合計,6,8863.961538461539
鹿児島県小計,合計,合計,合計,6,12540.961538461539
鹿児島県小計,固定店舗,QRコード　利用可能店,その他サービス業,6,1643.5
鹿児島県小計,固定店舗,QRコード　利用可能店,小売業,6,2980.0
鹿児島県小計,固定店舗,QRコード　利用可能店,飲食業,6,1393.3846153846155
鹿児島県小計,固定店舗,その他電子マネー等　利用可能店,その他サービス業,6,1183.1923076923076
鹿児島県小計,固定店舗,その他電子マネー等　利用可能店,小売業,6,2584.846153846154
鹿児島県小計,固定店舗,その他電子マネー等　利用可能店,飲食業,6,838.5769230769231
鹿児島県小計,固定店舗,クレジットカード　利用可能店,その他サービス業,6,2121.8846153846152
鹿児島県小計,固定店舗,クレジットカード　利用可能店,小売業,6,4555.692307692308
鹿児島県小計,固定店舗,クレジットカード　利用可能店,飲食業,6,1304.4615384615386
鹿児島県小計,固定店舗,合計,その他サービス業,6,3035.653846153846
鹿児島県小計,固定店舗,合計,小売業,6,5758.076923076923
鹿児島県小計,固定店舗,合計,飲食業,6,2165.3846153846152
鹿児島県小計,移動販売等（タクシー、屋台など）,QRコード　利用可能店,合計,6,343.2307692307692
鹿児島県小計,移動販売等（タクシー、屋台など）,その他電子マネー等　利用可能店,合計,6,79.6923076923077
鹿児島県小計,移動販売等（タクシー、屋台など）,クレジットカード　利用可能店,合計,6,356.6923076923077
鹿児島県小計,移動販売等（タクシー、屋台など）,合計,合計,6,635.0769230769231
鹿児島県小計,通信販売,QRコード　利用可能店,合計,6,47.92307692307692
鹿児島県小計,通信販売,その他電子マネー等　利用可能店,合計,6,454.84615384615387
鹿児島県小計,通信販売,クレジットカード　利用可能店,合計,6,525.2307692307693
鹿児島県小計,通信販売,合計,合計,6,946.7692307692307
